sample_id,side,branch_id,d16,d25,d34,ID1,ID2,ID3,ID4,ID5,ID6,command
1,A,A_D34_+010,0,10,10,10,0,0,10,-10,10,G 10 0 0 10 -10 10
2,A,A_D34_+010,0,20,10,20,0,0,20,-10,10,G 20 0 0 20 -10 10
3,A,A_D34_+010,0,30,10,30,0,0,30,-10,10,G 30 0 0 30 -10 10
4,A,A_D34_+010,0,40,10,40,0,0,40,-10,10,G 40 0 0 40 -10 10
5,A,A_D34_+010,0,50,10,50,0,0,50,-10,10,G 50 0 0 50 -10 10
6,A,A_D34_+010,0,60,10,60,0,0,60,-10,10,G 60 0 0 60 -10 10
7,A,A_D34_+010,0,70,10,70,0,0,70,-10,10,G 70 0 0 70 -10 10
8,A,A_D34_+010,0,80,10,80,0,0,80,-10,10,G 80 0 0 80 -10 10
9,A,A_D34_+010,0,90,10,90,0,0,90,-10,10,G 90 0 0 90 -10 10
10,A,A_D34_+010,0,100,10,100,0,0,100,-10,10,G 100 0 0 100 -10 10
11,A,A_D34_+010,0,110,10,110,0,0,110,-10,10,G 110 0 0 110 -10 10
12,A,A_D34_+010,0,120,10,120,0,0,120,-10,10,G 120 0 0 120 -10 10
13,A,A_D34_+010,0,130,10,130,0,0,130,-10,10,G 130 0 0 130 -10 10
14,A,A_D34_+010,0,140,10,140,0,0,140,-10,10,G 140 0 0 140 -10 10
15,A,A_D34_+010,0,150,10,150,0,0,150,-10,10,G 150 0 0 150 -10 10
16,A,A_D34_+010,0,160,10,160,0,0,160,-10,10,G 160 0 0 160 -10 10
17,A,A_D34_+010,0,170,10,170,0,0,170,-10,10,G 170 0 0 170 -10 10
18,A,A_D34_+010,0,180,10,180,0,0,180,-10,10,G 180 0 0 180 -10 10
19,A,A_D34_+020,0,10,20,10,0,0,10,-20,20,G 10 0 0 10 -20 20
20,A,A_D34_+020,0,20,20,20,0,0,20,-20,20,G 20 0 0 20 -20 20
21,A,A_D34_+020,0,30,20,30,0,0,30,-20,20,G 30 0 0 30 -20 20
22,A,A_D34_+020,0,40,20,40,0,0,40,-20,20,G 40 0 0 40 -20 20
23,A,A_D34_+020,0,50,20,50,0,0,50,-20,20,G 50 0 0 50 -20 20
24,A,A_D34_+020,0,60,20,60,0,0,60,-20,20,G 60 0 0 60 -20 20
25,A,A_D34_+020,0,70,20,70,0,0,70,-20,20,G 70 0 0 70 -20 20
26,A,A_D34_+020,0,80,20,80,0,0,80,-20,20,G 80 0 0 80 -20 20
27,A,A_D34_+020,0,90,20,90,0,0,90,-20,20,G 90 0 0 90 -20 20
28,A,A_D34_+020,0,100,20,100,0,0,100,-20,20,G 100 0 0 100 -20 20
29,A,A_D34_+020,0,110,20,110,0,0,110,-20,20,G 110 0 0 110 -20 20
30,A,A_D34_+020,0,120,20,120,0,0,120,-20,20,G 120 0 0 120 -20 20
31,A,A_D34_+020,0,130,20,130,0,0,130,-20,20,G 130 0 0 130 -20 20
32,A,A_D34_+020,0,140,20,140,0,0,140,-20,20,G 140 0 0 140 -20 20
33,A,A_D34_+020,0,150,20,150,0,0,150,-20,20,G 150 0 0 150 -20 20
34,A,A_D34_+020,0,160,20,160,0,0,160,-20,20,G 160 0 0 160 -20 20
35,A,A_D34_+020,0,170,20,170,0,0,170,-20,20,G 170 0 0 170 -20 20
36,A,A_D34_+020,0,180,20,180,0,0,180,-20,20,G 180 0 0 180 -20 20
37,A,A_D34_+030,0,10,30,10,0,0,10,-30,30,G 10 0 0 10 -30 30
38,A,A_D34_+030,0,20,30,20,0,0,20,-30,30,G 20 0 0 20 -30 30
39,A,A_D34_+030,0,30,30,30,0,0,30,-30,30,G 30 0 0 30 -30 30
40,A,A_D34_+030,0,40,30,40,0,0,40,-30,30,G 40 0 0 40 -30 30
41,A,A_D34_+030,0,50,30,50,0,0,50,-30,30,G 50 0 0 50 -30 30
42,A,A_D34_+030,0,60,30,60,0,0,60,-30,30,G 60 0 0 60 -30 30
43,A,A_D34_+030,0,70,30,70,0,0,70,-30,30,G 70 0 0 70 -30 30
44,A,A_D34_+030,0,80,30,80,0,0,80,-30,30,G 80 0 0 80 -30 30
45,A,A_D34_+030,0,90,30,90,0,0,90,-30,30,G 90 0 0 90 -30 30
46,A,A_D34_+030,0,100,30,100,0,0,100,-30,30,G 100 0 0 100 -30 30
47,A,A_D34_+030,0,110,30,110,0,0,110,-30,30,G 110 0 0 110 -30 30
48,A,A_D34_+030,0,120,30,120,0,0,120,-30,30,G 120 0 0 120 -30 30
49,A,A_D34_+030,0,130,30,130,0,0,130,-30,30,G 130 0 0 130 -30 30
50,A,A_D34_+030,0,140,30,140,0,0,140,-30,30,G 140 0 0 140 -30 30
51,A,A_D34_+030,0,150,30,150,0,0,150,-30,30,G 150 0 0 150 -30 30
52,A,A_D34_+030,0,160,30,160,0,0,160,-30,30,G 160 0 0 160 -30 30
53,A,A_D34_+030,0,170,30,170,0,0,170,-30,30,G 170 0 0 170 -30 30
54,A,A_D34_+030,0,180,30,180,0,0,180,-30,30,G 180 0 0 180 -30 30
55,A,A_D34_+040,0,10,40,10,0,0,10,-40,40,G 10 0 0 10 -40 40
56,A,A_D34_+040,0,20,40,20,0,0,20,-40,40,G 20 0 0 20 -40 40
57,A,A_D34_+040,0,30,40,30,0,0,30,-40,40,G 30 0 0 30 -40 40
58,A,A_D34_+040,0,40,40,40,0,0,40,-40,40,G 40 0 0 40 -40 40
59,A,A_D34_+040,0,50,40,50,0,0,50,-40,40,G 50 0 0 50 -40 40
60,A,A_D34_+040,0,60,40,60,0,0,60,-40,40,G 60 0 0 60 -40 40
61,A,A_D34_+040,0,70,40,70,0,0,70,-40,40,G 70 0 0 70 -40 40
62,A,A_D34_+040,0,80,40,80,0,0,80,-40,40,G 80 0 0 80 -40 40
63,A,A_D34_+040,0,90,40,90,0,0,90,-40,40,G 90 0 0 90 -40 40
64,A,A_D34_+040,0,100,40,100,0,0,100,-40,40,G 100 0 0 100 -40 40
65,A,A_D34_+040,0,110,40,110,0,0,110,-40,40,G 110 0 0 110 -40 40
66,A,A_D34_+040,0,120,40,120,0,0,120,-40,40,G 120 0 0 120 -40 40
67,A,A_D34_+040,0,130,40,130,0,0,130,-40,40,G 130 0 0 130 -40 40
68,A,A_D34_+040,0,140,40,140,0,0,140,-40,40,G 140 0 0 140 -40 40
69,A,A_D34_+040,0,150,40,150,0,0,150,-40,40,G 150 0 0 150 -40 40
70,A,A_D34_+040,0,160,40,160,0,0,160,-40,40,G 160 0 0 160 -40 40
71,A,A_D34_+040,0,170,40,170,0,0,170,-40,40,G 170 0 0 170 -40 40
72,A,A_D34_+040,0,180,40,180,0,0,180,-40,40,G 180 0 0 180 -40 40
73,A,A_D34_+050,0,10,50,10,0,0,10,-50,50,G 10 0 0 10 -50 50
74,A,A_D34_+050,0,20,50,20,0,0,20,-50,50,G 20 0 0 20 -50 50
75,A,A_D34_+050,0,30,50,30,0,0,30,-50,50,G 30 0 0 30 -50 50
76,A,A_D34_+050,0,40,50,40,0,0,40,-50,50,G 40 0 0 40 -50 50
77,A,A_D34_+050,0,50,50,50,0,0,50,-50,50,G 50 0 0 50 -50 50
78,A,A_D34_+050,0,60,50,60,0,0,60,-50,50,G 60 0 0 60 -50 50
79,A,A_D34_+050,0,70,50,70,0,0,70,-50,50,G 70 0 0 70 -50 50
80,A,A_D34_+050,0,80,50,80,0,0,80,-50,50,G 80 0 0 80 -50 50
81,A,A_D34_+050,0,90,50,90,0,0,90,-50,50,G 90 0 0 90 -50 50
82,A,A_D34_+050,0,100,50,100,0,0,100,-50,50,G 100 0 0 100 -50 50
83,A,A_D34_+050,0,110,50,110,0,0,110,-50,50,G 110 0 0 110 -50 50
84,A,A_D34_+050,0,120,50,120,0,0,120,-50,50,G 120 0 0 120 -50 50
85,A,A_D34_+050,0,130,50,130,0,0,130,-50,50,G 130 0 0 130 -50 50
86,A,A_D34_+050,0,140,50,140,0,0,140,-50,50,G 140 0 0 140 -50 50
87,A,A_D34_+050,0,150,50,150,0,0,150,-50,50,G 150 0 0 150 -50 50
88,A,A_D34_+050,0,160,50,160,0,0,160,-50,50,G 160 0 0 160 -50 50
89,A,A_D34_+050,0,170,50,170,0,0,170,-50,50,G 170 0 0 170 -50 50
90,A,A_D34_+050,0,180,50,180,0,0,180,-50,50,G 180 0 0 180 -50 50
91,A,A_D34_+060,0,10,60,10,0,0,10,-60,60,G 10 0 0 10 -60 60
92,A,A_D34_+060,0,20,60,20,0,0,20,-60,60,G 20 0 0 20 -60 60
93,A,A_D34_+060,0,30,60,30,0,0,30,-60,60,G 30 0 0 30 -60 60
94,A,A_D34_+060,0,40,60,40,0,0,40,-60,60,G 40 0 0 40 -60 60
95,A,A_D34_+060,0,50,60,50,0,0,50,-60,60,G 50 0 0 50 -60 60
96,A,A_D34_+060,0,60,60,60,0,0,60,-60,60,G 60 0 0 60 -60 60
97,A,A_D34_+060,0,70,60,70,0,0,70,-60,60,G 70 0 0 70 -60 60
98,A,A_D34_+060,0,80,60,80,0,0,80,-60,60,G 80 0 0 80 -60 60
99,A,A_D34_+060,0,90,60,90,0,0,90,-60,60,G 90 0 0 90 -60 60
100,A,A_D34_+060,0,100,60,100,0,0,100,-60,60,G 100 0 0 100 -60 60
101,A,A_D34_+060,0,110,60,110,0,0,110,-60,60,G 110 0 0 110 -60 60
102,A,A_D34_+060,0,120,60,120,0,0,120,-60,60,G 120 0 0 120 -60 60
103,A,A_D34_+060,0,130,60,130,0,0,130,-60,60,G 130 0 0 130 -60 60
104,A,A_D34_+060,0,140,60,140,0,0,140,-60,60,G 140 0 0 140 -60 60
105,A,A_D34_+060,0,150,60,150,0,0,150,-60,60,G 150 0 0 150 -60 60
106,A,A_D34_+060,0,160,60,160,0,0,160,-60,60,G 160 0 0 160 -60 60
107,A,A_D34_+060,0,170,60,170,0,0,170,-60,60,G 170 0 0 170 -60 60
108,A,A_D34_+060,0,180,60,180,0,0,180,-60,60,G 180 0 0 180 -60 60
109,A,A_D34_+070,0,10,70,10,0,0,10,-70,70,G 10 0 0 10 -70 70
110,A,A_D34_+070,0,20,70,20,0,0,20,-70,70,G 20 0 0 20 -70 70
111,A,A_D34_+070,0,30,70,30,0,0,30,-70,70,G 30 0 0 30 -70 70
112,A,A_D34_+070,0,40,70,40,0,0,40,-70,70,G 40 0 0 40 -70 70
113,A,A_D34_+070,0,50,70,50,0,0,50,-70,70,G 50 0 0 50 -70 70
114,A,A_D34_+070,0,60,70,60,0,0,60,-70,70,G 60 0 0 60 -70 70
115,A,A_D34_+070,0,70,70,70,0,0,70,-70,70,G 70 0 0 70 -70 70
116,A,A_D34_+070,0,80,70,80,0,0,80,-70,70,G 80 0 0 80 -70 70
117,A,A_D34_+070,0,90,70,90,0,0,90,-70,70,G 90 0 0 90 -70 70
118,A,A_D34_+070,0,100,70,100,0,0,100,-70,70,G 100 0 0 100 -70 70
119,A,A_D34_+070,0,110,70,110,0,0,110,-70,70,G 110 0 0 110 -70 70
120,A,A_D34_+070,0,120,70,120,0,0,120,-70,70,G 120 0 0 120 -70 70
121,A,A_D34_+070,0,130,70,130,0,0,130,-70,70,G 130 0 0 130 -70 70
122,A,A_D34_+070,0,140,70,140,0,0,140,-70,70,G 140 0 0 140 -70 70
123,A,A_D34_+070,0,150,70,150,0,0,150,-70,70,G 150 0 0 150 -70 70
124,A,A_D34_+070,0,160,70,160,0,0,160,-70,70,G 160 0 0 160 -70 70
125,A,A_D34_+070,0,170,70,170,0,0,170,-70,70,G 170 0 0 170 -70 70
126,A,A_D34_+070,0,180,70,180,0,0,180,-70,70,G 180 0 0 180 -70 70
127,A,A_D34_+080,0,10,80,10,0,0,10,-80,80,G 10 0 0 10 -80 80
128,A,A_D34_+080,0,20,80,20,0,0,20,-80,80,G 20 0 0 20 -80 80
129,A,A_D34_+080,0,30,80,30,0,0,30,-80,80,G 30 0 0 30 -80 80
130,A,A_D34_+080,0,40,80,40,0,0,40,-80,80,G 40 0 0 40 -80 80
131,A,A_D34_+080,0,50,80,50,0,0,50,-80,80,G 50 0 0 50 -80 80
132,A,A_D34_+080,0,60,80,60,0,0,60,-80,80,G 60 0 0 60 -80 80
133,A,A_D34_+080,0,70,80,70,0,0,70,-80,80,G 70 0 0 70 -80 80
134,A,A_D34_+080,0,80,80,80,0,0,80,-80,80,G 80 0 0 80 -80 80
135,A,A_D34_+080,0,90,80,90,0,0,90,-80,80,G 90 0 0 90 -80 80
136,A,A_D34_+080,0,100,80,100,0,0,100,-80,80,G 100 0 0 100 -80 80
137,A,A_D34_+080,0,110,80,110,0,0,110,-80,80,G 110 0 0 110 -80 80
138,A,A_D34_+080,0,120,80,120,0,0,120,-80,80,G 120 0 0 120 -80 80
139,A,A_D34_+080,0,130,80,130,0,0,130,-80,80,G 130 0 0 130 -80 80
140,A,A_D34_+080,0,140,80,140,0,0,140,-80,80,G 140 0 0 140 -80 80
141,A,A_D34_+080,0,150,80,150,0,0,150,-80,80,G 150 0 0 150 -80 80
142,A,A_D34_+080,0,160,80,160,0,0,160,-80,80,G 160 0 0 160 -80 80
143,A,A_D34_+080,0,170,80,170,0,0,170,-80,80,G 170 0 0 170 -80 80
144,A,A_D34_+080,0,180,80,180,0,0,180,-80,80,G 180 0 0 180 -80 80
145,A,A_D34_+090,0,10,90,10,0,0,10,-90,90,G 10 0 0 10 -90 90
146,A,A_D34_+090,0,20,90,20,0,0,20,-90,90,G 20 0 0 20 -90 90
147,A,A_D34_+090,0,30,90,30,0,0,30,-90,90,G 30 0 0 30 -90 90
148,A,A_D34_+090,0,40,90,40,0,0,40,-90,90,G 40 0 0 40 -90 90
149,A,A_D34_+090,0,50,90,50,0,0,50,-90,90,G 50 0 0 50 -90 90
150,A,A_D34_+090,0,60,90,60,0,0,60,-90,90,G 60 0 0 60 -90 90
151,A,A_D34_+090,0,70,90,70,0,0,70,-90,90,G 70 0 0 70 -90 90
152,A,A_D34_+090,0,80,90,80,0,0,80,-90,90,G 80 0 0 80 -90 90
153,A,A_D34_+090,0,90,90,90,0,0,90,-90,90,G 90 0 0 90 -90 90
154,A,A_D34_+090,0,100,90,100,0,0,100,-90,90,G 100 0 0 100 -90 90
155,A,A_D34_+090,0,110,90,110,0,0,110,-90,90,G 110 0 0 110 -90 90
156,A,A_D34_+090,0,120,90,120,0,0,120,-90,90,G 120 0 0 120 -90 90
157,A,A_D34_+090,0,130,90,130,0,0,130,-90,90,G 130 0 0 130 -90 90
158,A,A_D34_+090,0,140,90,140,0,0,140,-90,90,G 140 0 0 140 -90 90
159,A,A_D34_+090,0,150,90,150,0,0,150,-90,90,G 150 0 0 150 -90 90
160,A,A_D34_+090,0,160,90,160,0,0,160,-90,90,G 160 0 0 160 -90 90
161,A,A_D34_+090,0,170,90,170,0,0,170,-90,90,G 170 0 0 170 -90 90
162,A,A_D34_+090,0,180,90,180,0,0,180,-90,90,G 180 0 0 180 -90 90
163,A,A_D34_+100,0,10,100,10,0,0,10,-100,100,G 10 0 0 10 -100 100
164,A,A_D34_+100,0,20,100,20,0,0,20,-100,100,G 20 0 0 20 -100 100
165,A,A_D34_+100,0,30,100,30,0,0,30,-100,100,G 30 0 0 30 -100 100
166,A,A_D34_+100,0,40,100,40,0,0,40,-100,100,G 40 0 0 40 -100 100
167,A,A_D34_+100,0,50,100,50,0,0,50,-100,100,G 50 0 0 50 -100 100
168,A,A_D34_+100,0,60,100,60,0,0,60,-100,100,G 60 0 0 60 -100 100
169,A,A_D34_+100,0,70,100,70,0,0,70,-100,100,G 70 0 0 70 -100 100
170,A,A_D34_+100,0,80,100,80,0,0,80,-100,100,G 80 0 0 80 -100 100
171,A,A_D34_+100,0,90,100,90,0,0,90,-100,100,G 90 0 0 90 -100 100
172,A,A_D34_+100,0,100,100,100,0,0,100,-100,100,G 100 0 0 100 -100 100
173,A,A_D34_+100,0,110,100,110,0,0,110,-100,100,G 110 0 0 110 -100 100
174,A,A_D34_+100,0,120,100,120,0,0,120,-100,100,G 120 0 0 120 -100 100
175,A,A_D34_+100,0,130,100,130,0,0,130,-100,100,G 130 0 0 130 -100 100
176,A,A_D34_+100,0,140,100,140,0,0,140,-100,100,G 140 0 0 140 -100 100
177,A,A_D34_+100,0,150,100,150,0,0,150,-100,100,G 150 0 0 150 -100 100
178,A,A_D34_+100,0,160,100,160,0,0,160,-100,100,G 160 0 0 160 -100 100
179,A,A_D34_+100,0,170,100,170,0,0,170,-100,100,G 170 0 0 170 -100 100
180,A,A_D34_+100,0,180,100,180,0,0,180,-100,100,G 180 0 0 180 -100 100
181,A,A_D34_+110,0,10,110,10,0,0,10,-110,110,G 10 0 0 10 -110 110
182,A,A_D34_+110,0,20,110,20,0,0,20,-110,110,G 20 0 0 20 -110 110
183,A,A_D34_+110,0,30,110,30,0,0,30,-110,110,G 30 0 0 30 -110 110
184,A,A_D34_+110,0,40,110,40,0,0,40,-110,110,G 40 0 0 40 -110 110
185,A,A_D34_+110,0,50,110,50,0,0,50,-110,110,G 50 0 0 50 -110 110
186,A,A_D34_+110,0,60,110,60,0,0,60,-110,110,G 60 0 0 60 -110 110
187,A,A_D34_+110,0,70,110,70,0,0,70,-110,110,G 70 0 0 70 -110 110
188,A,A_D34_+110,0,80,110,80,0,0,80,-110,110,G 80 0 0 80 -110 110
189,A,A_D34_+110,0,90,110,90,0,0,90,-110,110,G 90 0 0 90 -110 110
190,A,A_D34_+110,0,100,110,100,0,0,100,-110,110,G 100 0 0 100 -110 110
191,A,A_D34_+110,0,110,110,110,0,0,110,-110,110,G 110 0 0 110 -110 110
192,A,A_D34_+110,0,120,110,120,0,0,120,-110,110,G 120 0 0 120 -110 110
193,A,A_D34_+110,0,130,110,130,0,0,130,-110,110,G 130 0 0 130 -110 110
194,A,A_D34_+110,0,140,110,140,0,0,140,-110,110,G 140 0 0 140 -110 110
195,A,A_D34_+110,0,150,110,150,0,0,150,-110,110,G 150 0 0 150 -110 110
196,A,A_D34_+110,0,160,110,160,0,0,160,-110,110,G 160 0 0 160 -110 110
197,A,A_D34_+110,0,170,110,170,0,0,170,-110,110,G 170 0 0 170 -110 110
198,A,A_D34_+110,0,180,110,180,0,0,180,-110,110,G 180 0 0 180 -110 110
199,A,A_D34_+120,0,10,120,10,0,0,10,-120,120,G 10 0 0 10 -120 120
200,A,A_D34_+120,0,20,120,20,0,0,20,-120,120,G 20 0 0 20 -120 120
201,A,A_D34_+120,0,30,120,30,0,0,30,-120,120,G 30 0 0 30 -120 120
202,A,A_D34_+120,0,40,120,40,0,0,40,-120,120,G 40 0 0 40 -120 120
203,A,A_D34_+120,0,50,120,50,0,0,50,-120,120,G 50 0 0 50 -120 120
204,A,A_D34_+120,0,60,120,60,0,0,60,-120,120,G 60 0 0 60 -120 120
205,A,A_D34_+120,0,70,120,70,0,0,70,-120,120,G 70 0 0 70 -120 120
206,A,A_D34_+120,0,80,120,80,0,0,80,-120,120,G 80 0 0 80 -120 120
207,A,A_D34_+120,0,90,120,90,0,0,90,-120,120,G 90 0 0 90 -120 120
208,A,A_D34_+120,0,100,120,100,0,0,100,-120,120,G 100 0 0 100 -120 120
209,A,A_D34_+120,0,110,120,110,0,0,110,-120,120,G 110 0 0 110 -120 120
210,A,A_D34_+120,0,120,120,120,0,0,120,-120,120,G 120 0 0 120 -120 120
211,A,A_D34_+120,0,130,120,130,0,0,130,-120,120,G 130 0 0 130 -120 120
212,A,A_D34_+120,0,140,120,140,0,0,140,-120,120,G 140 0 0 140 -120 120
213,A,A_D34_+120,0,150,120,150,0,0,150,-120,120,G 150 0 0 150 -120 120
214,A,A_D34_+120,0,160,120,160,0,0,160,-120,120,G 160 0 0 160 -120 120
215,A,A_D34_+120,0,170,120,170,0,0,170,-120,120,G 170 0 0 170 -120 120
216,A,A_D34_+120,0,180,120,180,0,0,180,-120,120,G 180 0 0 180 -120 120
217,A,A_D34_+130,0,10,130,10,0,0,10,-130,130,G 10 0 0 10 -130 130
218,A,A_D34_+130,0,20,130,20,0,0,20,-130,130,G 20 0 0 20 -130 130
219,A,A_D34_+130,0,30,130,30,0,0,30,-130,130,G 30 0 0 30 -130 130
220,A,A_D34_+130,0,40,130,40,0,0,40,-130,130,G 40 0 0 40 -130 130
221,A,A_D34_+130,0,50,130,50,0,0,50,-130,130,G 50 0 0 50 -130 130
222,A,A_D34_+130,0,60,130,60,0,0,60,-130,130,G 60 0 0 60 -130 130
223,A,A_D34_+130,0,70,130,70,0,0,70,-130,130,G 70 0 0 70 -130 130
224,A,A_D34_+130,0,80,130,80,0,0,80,-130,130,G 80 0 0 80 -130 130
225,A,A_D34_+130,0,90,130,90,0,0,90,-130,130,G 90 0 0 90 -130 130
226,A,A_D34_+130,0,100,130,100,0,0,100,-130,130,G 100 0 0 100 -130 130
227,A,A_D34_+130,0,110,130,110,0,0,110,-130,130,G 110 0 0 110 -130 130
228,A,A_D34_+130,0,120,130,120,0,0,120,-130,130,G 120 0 0 120 -130 130
229,A,A_D34_+130,0,130,130,130,0,0,130,-130,130,G 130 0 0 130 -130 130
230,A,A_D34_+130,0,140,130,140,0,0,140,-130,130,G 140 0 0 140 -130 130
231,A,A_D34_+130,0,150,130,150,0,0,150,-130,130,G 150 0 0 150 -130 130
232,A,A_D34_+130,0,160,130,160,0,0,160,-130,130,G 160 0 0 160 -130 130
233,A,A_D34_+130,0,170,130,170,0,0,170,-130,130,G 170 0 0 170 -130 130
234,A,A_D34_+130,0,180,130,180,0,0,180,-130,130,G 180 0 0 180 -130 130
235,A,A_D34_+140,0,10,140,10,0,0,10,-140,140,G 10 0 0 10 -140 140
236,A,A_D34_+140,0,20,140,20,0,0,20,-140,140,G 20 0 0 20 -140 140
237,A,A_D34_+140,0,30,140,30,0,0,30,-140,140,G 30 0 0 30 -140 140
238,A,A_D34_+140,0,40,140,40,0,0,40,-140,140,G 40 0 0 40 -140 140
239,A,A_D34_+140,0,50,140,50,0,0,50,-140,140,G 50 0 0 50 -140 140
240,A,A_D34_+140,0,60,140,60,0,0,60,-140,140,G 60 0 0 60 -140 140
241,A,A_D34_+140,0,70,140,70,0,0,70,-140,140,G 70 0 0 70 -140 140
242,A,A_D34_+140,0,80,140,80,0,0,80,-140,140,G 80 0 0 80 -140 140
243,A,A_D34_+140,0,90,140,90,0,0,90,-140,140,G 90 0 0 90 -140 140
244,A,A_D34_+140,0,100,140,100,0,0,100,-140,140,G 100 0 0 100 -140 140
245,A,A_D34_+140,0,110,140,110,0,0,110,-140,140,G 110 0 0 110 -140 140
246,A,A_D34_+140,0,120,140,120,0,0,120,-140,140,G 120 0 0 120 -140 140
247,A,A_D34_+140,0,130,140,130,0,0,130,-140,140,G 130 0 0 130 -140 140
248,A,A_D34_+140,0,140,140,140,0,0,140,-140,140,G 140 0 0 140 -140 140
249,A,A_D34_+140,0,150,140,150,0,0,150,-140,140,G 150 0 0 150 -140 140
250,A,A_D34_+140,0,160,140,160,0,0,160,-140,140,G 160 0 0 160 -140 140
251,A,A_D34_+140,0,170,140,170,0,0,170,-140,140,G 170 0 0 170 -140 140
252,A,A_D34_+140,0,180,140,180,0,0,180,-140,140,G 180 0 0 180 -140 140
253,A,A_D34_+150,0,10,150,10,0,0,10,-150,150,G 10 0 0 10 -150 150
254,A,A_D34_+150,0,20,150,20,0,0,20,-150,150,G 20 0 0 20 -150 150
255,A,A_D34_+150,0,30,150,30,0,0,30,-150,150,G 30 0 0 30 -150 150
256,A,A_D34_+150,0,40,150,40,0,0,40,-150,150,G 40 0 0 40 -150 150
257,A,A_D34_+150,0,50,150,50,0,0,50,-150,150,G 50 0 0 50 -150 150
258,A,A_D34_+150,0,60,150,60,0,0,60,-150,150,G 60 0 0 60 -150 150
259,A,A_D34_+150,0,70,150,70,0,0,70,-150,150,G 70 0 0 70 -150 150
260,A,A_D34_+150,0,80,150,80,0,0,80,-150,150,G 80 0 0 80 -150 150
261,A,A_D34_+150,0,90,150,90,0,0,90,-150,150,G 90 0 0 90 -150 150
262,A,A_D34_+150,0,100,150,100,0,0,100,-150,150,G 100 0 0 100 -150 150
263,A,A_D34_+150,0,110,150,110,0,0,110,-150,150,G 110 0 0 110 -150 150
264,A,A_D34_+150,0,120,150,120,0,0,120,-150,150,G 120 0 0 120 -150 150
265,A,A_D34_+150,0,130,150,130,0,0,130,-150,150,G 130 0 0 130 -150 150
266,A,A_D34_+150,0,140,150,140,0,0,140,-150,150,G 140 0 0 140 -150 150
267,A,A_D34_+150,0,150,150,150,0,0,150,-150,150,G 150 0 0 150 -150 150
268,A,A_D34_+150,0,160,150,160,0,0,160,-150,150,G 160 0 0 160 -150 150
269,A,A_D34_+150,0,170,150,170,0,0,170,-150,150,G 170 0 0 170 -150 150
270,A,A_D34_+150,0,180,150,180,0,0,180,-150,150,G 180 0 0 180 -150 150
271,A,A_D34_+160,0,10,160,10,0,0,10,-160,160,G 10 0 0 10 -160 160
272,A,A_D34_+160,0,20,160,20,0,0,20,-160,160,G 20 0 0 20 -160 160
273,A,A_D34_+160,0,30,160,30,0,0,30,-160,160,G 30 0 0 30 -160 160
274,A,A_D34_+160,0,40,160,40,0,0,40,-160,160,G 40 0 0 40 -160 160
275,A,A_D34_+160,0,50,160,50,0,0,50,-160,160,G 50 0 0 50 -160 160
276,A,A_D34_+160,0,60,160,60,0,0,60,-160,160,G 60 0 0 60 -160 160
277,A,A_D34_+160,0,70,160,70,0,0,70,-160,160,G 70 0 0 70 -160 160
278,A,A_D34_+160,0,80,160,80,0,0,80,-160,160,G 80 0 0 80 -160 160
279,A,A_D34_+160,0,90,160,90,0,0,90,-160,160,G 90 0 0 90 -160 160
280,A,A_D34_+160,0,100,160,100,0,0,100,-160,160,G 100 0 0 100 -160 160
281,A,A_D34_+160,0,110,160,110,0,0,110,-160,160,G 110 0 0 110 -160 160
282,A,A_D34_+160,0,120,160,120,0,0,120,-160,160,G 120 0 0 120 -160 160
283,A,A_D34_+160,0,130,160,130,0,0,130,-160,160,G 130 0 0 130 -160 160
284,A,A_D34_+160,0,140,160,140,0,0,140,-160,160,G 140 0 0 140 -160 160
285,A,A_D34_+160,0,150,160,150,0,0,150,-160,160,G 150 0 0 150 -160 160
286,A,A_D34_+160,0,160,160,160,0,0,160,-160,160,G 160 0 0 160 -160 160
287,A,A_D34_+160,0,170,160,170,0,0,170,-160,160,G 170 0 0 170 -160 160
288,A,A_D34_+160,0,180,160,180,0,0,180,-160,160,G 180 0 0 180 -160 160
289,A,A_D34_+170,0,10,170,10,0,0,10,-170,170,G 10 0 0 10 -170 170
290,A,A_D34_+170,0,20,170,20,0,0,20,-170,170,G 20 0 0 20 -170 170
291,A,A_D34_+170,0,30,170,30,0,0,30,-170,170,G 30 0 0 30 -170 170
292,A,A_D34_+170,0,40,170,40,0,0,40,-170,170,G 40 0 0 40 -170 170
293,A,A_D34_+170,0,50,170,50,0,0,50,-170,170,G 50 0 0 50 -170 170
294,A,A_D34_+170,0,60,170,60,0,0,60,-170,170,G 60 0 0 60 -170 170
295,A,A_D34_+170,0,70,170,70,0,0,70,-170,170,G 70 0 0 70 -170 170
296,A,A_D34_+170,0,80,170,80,0,0,80,-170,170,G 80 0 0 80 -170 170
297,A,A_D34_+170,0,90,170,90,0,0,90,-170,170,G 90 0 0 90 -170 170
298,A,A_D34_+170,0,100,170,100,0,0,100,-170,170,G 100 0 0 100 -170 170
299,A,A_D34_+170,0,110,170,110,0,0,110,-170,170,G 110 0 0 110 -170 170
300,A,A_D34_+170,0,120,170,120,0,0,120,-170,170,G 120 0 0 120 -170 170
301,A,A_D34_+170,0,130,170,130,0,0,130,-170,170,G 130 0 0 130 -170 170
302,A,A_D34_+170,0,140,170,140,0,0,140,-170,170,G 140 0 0 140 -170 170
303,A,A_D34_+170,0,150,170,150,0,0,150,-170,170,G 150 0 0 150 -170 170
304,A,A_D34_+170,0,160,170,160,0,0,160,-170,170,G 160 0 0 160 -170 170
305,A,A_D34_+170,0,170,170,170,0,0,170,-170,170,G 170 0 0 170 -170 170
306,A,A_D34_+170,0,180,170,180,0,0,180,-170,170,G 180 0 0 180 -170 170
307,A,A_D34_+180,0,10,180,10,0,0,10,-180,180,G 10 0 0 10 -180 180
308,A,A_D34_+180,0,20,180,20,0,0,20,-180,180,G 20 0 0 20 -180 180
309,A,A_D34_+180,0,30,180,30,0,0,30,-180,180,G 30 0 0 30 -180 180
310,A,A_D34_+180,0,40,180,40,0,0,40,-180,180,G 40 0 0 40 -180 180
311,A,A_D34_+180,0,50,180,50,0,0,50,-180,180,G 50 0 0 50 -180 180
312,A,A_D34_+180,0,60,180,60,0,0,60,-180,180,G 60 0 0 60 -180 180
313,A,A_D34_+180,0,70,180,70,0,0,70,-180,180,G 70 0 0 70 -180 180
314,A,A_D34_+180,0,80,180,80,0,0,80,-180,180,G 80 0 0 80 -180 180
315,A,A_D34_+180,0,90,180,90,0,0,90,-180,180,G 90 0 0 90 -180 180
316,A,A_D34_+180,0,100,180,100,0,0,100,-180,180,G 100 0 0 100 -180 180
317,A,A_D34_+180,0,110,180,110,0,0,110,-180,180,G 110 0 0 110 -180 180
318,A,A_D34_+180,0,120,180,120,0,0,120,-180,180,G 120 0 0 120 -180 180
319,A,A_D34_+180,0,130,180,130,0,0,130,-180,180,G 130 0 0 130 -180 180
320,A,A_D34_+180,0,140,180,140,0,0,140,-180,180,G 140 0 0 140 -180 180
321,A,A_D34_+180,0,150,180,150,0,0,150,-180,180,G 150 0 0 150 -180 180
322,A,A_D34_+180,0,160,180,160,0,0,160,-180,180,G 160 0 0 160 -180 180
323,A,A_D34_+180,0,170,180,170,0,0,170,-180,180,G 170 0 0 170 -180 180
324,A,A_D34_+180,0,180,180,180,0,0,180,-180,180,G 180 0 0 180 -180 180
325,B,B_D34_-010,0,-10,-10,-10,0,0,-10,10,-10,G -10 0 0 -10 10 -10
326,B,B_D34_-010,0,-20,-10,-20,0,0,-20,10,-10,G -20 0 0 -20 10 -10
327,B,B_D34_-010,0,-30,-10,-30,0,0,-30,10,-10,G -30 0 0 -30 10 -10
328,B,B_D34_-010,0,-40,-10,-40,0,0,-40,10,-10,G -40 0 0 -40 10 -10
329,B,B_D34_-010,0,-50,-10,-50,0,0,-50,10,-10,G -50 0 0 -50 10 -10
330,B,B_D34_-010,0,-60,-10,-60,0,0,-60,10,-10,G -60 0 0 -60 10 -10
331,B,B_D34_-010,0,-70,-10,-70,0,0,-70,10,-10,G -70 0 0 -70 10 -10
332,B,B_D34_-010,0,-80,-10,-80,0,0,-80,10,-10,G -80 0 0 -80 10 -10
333,B,B_D34_-010,0,-90,-10,-90,0,0,-90,10,-10,G -90 0 0 -90 10 -10
334,B,B_D34_-010,0,-100,-10,-100,0,0,-100,10,-10,G -100 0 0 -100 10 -10
335,B,B_D34_-010,0,-110,-10,-110,0,0,-110,10,-10,G -110 0 0 -110 10 -10
336,B,B_D34_-010,0,-120,-10,-120,0,0,-120,10,-10,G -120 0 0 -120 10 -10
337,B,B_D34_-010,0,-130,-10,-130,0,0,-130,10,-10,G -130 0 0 -130 10 -10
338,B,B_D34_-010,0,-140,-10,-140,0,0,-140,10,-10,G -140 0 0 -140 10 -10
339,B,B_D34_-010,0,-150,-10,-150,0,0,-150,10,-10,G -150 0 0 -150 10 -10
340,B,B_D34_-010,0,-160,-10,-160,0,0,-160,10,-10,G -160 0 0 -160 10 -10
341,B,B_D34_-010,0,-170,-10,-170,0,0,-170,10,-10,G -170 0 0 -170 10 -10
342,B,B_D34_-010,0,-180,-10,-180,0,0,-180,10,-10,G -180 0 0 -180 10 -10
343,B,B_D34_-020,0,-10,-20,-10,0,0,-10,20,-20,G -10 0 0 -10 20 -20
344,B,B_D34_-020,0,-20,-20,-20,0,0,-20,20,-20,G -20 0 0 -20 20 -20
345,B,B_D34_-020,0,-30,-20,-30,0,0,-30,20,-20,G -30 0 0 -30 20 -20
346,B,B_D34_-020,0,-40,-20,-40,0,0,-40,20,-20,G -40 0 0 -40 20 -20
347,B,B_D34_-020,0,-50,-20,-50,0,0,-50,20,-20,G -50 0 0 -50 20 -20
348,B,B_D34_-020,0,-60,-20,-60,0,0,-60,20,-20,G -60 0 0 -60 20 -20
349,B,B_D34_-020,0,-70,-20,-70,0,0,-70,20,-20,G -70 0 0 -70 20 -20
350,B,B_D34_-020,0,-80,-20,-80,0,0,-80,20,-20,G -80 0 0 -80 20 -20
351,B,B_D34_-020,0,-90,-20,-90,0,0,-90,20,-20,G -90 0 0 -90 20 -20
352,B,B_D34_-020,0,-100,-20,-100,0,0,-100,20,-20,G -100 0 0 -100 20 -20
353,B,B_D34_-020,0,-110,-20,-110,0,0,-110,20,-20,G -110 0 0 -110 20 -20
354,B,B_D34_-020,0,-120,-20,-120,0,0,-120,20,-20,G -120 0 0 -120 20 -20
355,B,B_D34_-020,0,-130,-20,-130,0,0,-130,20,-20,G -130 0 0 -130 20 -20
356,B,B_D34_-020,0,-140,-20,-140,0,0,-140,20,-20,G -140 0 0 -140 20 -20
357,B,B_D34_-020,0,-150,-20,-150,0,0,-150,20,-20,G -150 0 0 -150 20 -20
358,B,B_D34_-020,0,-160,-20,-160,0,0,-160,20,-20,G -160 0 0 -160 20 -20
359,B,B_D34_-020,0,-170,-20,-170,0,0,-170,20,-20,G -170 0 0 -170 20 -20
360,B,B_D34_-020,0,-180,-20,-180,0,0,-180,20,-20,G -180 0 0 -180 20 -20
361,B,B_D34_-030,0,-10,-30,-10,0,0,-10,30,-30,G -10 0 0 -10 30 -30
362,B,B_D34_-030,0,-20,-30,-20,0,0,-20,30,-30,G -20 0 0 -20 30 -30
363,B,B_D34_-030,0,-30,-30,-30,0,0,-30,30,-30,G -30 0 0 -30 30 -30
364,B,B_D34_-030,0,-40,-30,-40,0,0,-40,30,-30,G -40 0 0 -40 30 -30
365,B,B_D34_-030,0,-50,-30,-50,0,0,-50,30,-30,G -50 0 0 -50 30 -30
366,B,B_D34_-030,0,-60,-30,-60,0,0,-60,30,-30,G -60 0 0 -60 30 -30
367,B,B_D34_-030,0,-70,-30,-70,0,0,-70,30,-30,G -70 0 0 -70 30 -30
368,B,B_D34_-030,0,-80,-30,-80,0,0,-80,30,-30,G -80 0 0 -80 30 -30
369,B,B_D34_-030,0,-90,-30,-90,0,0,-90,30,-30,G -90 0 0 -90 30 -30
370,B,B_D34_-030,0,-100,-30,-100,0,0,-100,30,-30,G -100 0 0 -100 30 -30
371,B,B_D34_-030,0,-110,-30,-110,0,0,-110,30,-30,G -110 0 0 -110 30 -30
372,B,B_D34_-030,0,-120,-30,-120,0,0,-120,30,-30,G -120 0 0 -120 30 -30
373,B,B_D34_-030,0,-130,-30,-130,0,0,-130,30,-30,G -130 0 0 -130 30 -30
374,B,B_D34_-030,0,-140,-30,-140,0,0,-140,30,-30,G -140 0 0 -140 30 -30
375,B,B_D34_-030,0,-150,-30,-150,0,0,-150,30,-30,G -150 0 0 -150 30 -30
376,B,B_D34_-030,0,-160,-30,-160,0,0,-160,30,-30,G -160 0 0 -160 30 -30
377,B,B_D34_-030,0,-170,-30,-170,0,0,-170,30,-30,G -170 0 0 -170 30 -30
378,B,B_D34_-030,0,-180,-30,-180,0,0,-180,30,-30,G -180 0 0 -180 30 -30
379,B,B_D34_-040,0,-10,-40,-10,0,0,-10,40,-40,G -10 0 0 -10 40 -40
380,B,B_D34_-040,0,-20,-40,-20,0,0,-20,40,-40,G -20 0 0 -20 40 -40
381,B,B_D34_-040,0,-30,-40,-30,0,0,-30,40,-40,G -30 0 0 -30 40 -40
382,B,B_D34_-040,0,-40,-40,-40,0,0,-40,40,-40,G -40 0 0 -40 40 -40
383,B,B_D34_-040,0,-50,-40,-50,0,0,-50,40,-40,G -50 0 0 -50 40 -40
384,B,B_D34_-040,0,-60,-40,-60,0,0,-60,40,-40,G -60 0 0 -60 40 -40
385,B,B_D34_-040,0,-70,-40,-70,0,0,-70,40,-40,G -70 0 0 -70 40 -40
386,B,B_D34_-040,0,-80,-40,-80,0,0,-80,40,-40,G -80 0 0 -80 40 -40
387,B,B_D34_-040,0,-90,-40,-90,0,0,-90,40,-40,G -90 0 0 -90 40 -40
388,B,B_D34_-040,0,-100,-40,-100,0,0,-100,40,-40,G -100 0 0 -100 40 -40
389,B,B_D34_-040,0,-110,-40,-110,0,0,-110,40,-40,G -110 0 0 -110 40 -40
390,B,B_D34_-040,0,-120,-40,-120,0,0,-120,40,-40,G -120 0 0 -120 40 -40
391,B,B_D34_-040,0,-130,-40,-130,0,0,-130,40,-40,G -130 0 0 -130 40 -40
392,B,B_D34_-040,0,-140,-40,-140,0,0,-140,40,-40,G -140 0 0 -140 40 -40
393,B,B_D34_-040,0,-150,-40,-150,0,0,-150,40,-40,G -150 0 0 -150 40 -40
394,B,B_D34_-040,0,-160,-40,-160,0,0,-160,40,-40,G -160 0 0 -160 40 -40
395,B,B_D34_-040,0,-170,-40,-170,0,0,-170,40,-40,G -170 0 0 -170 40 -40
396,B,B_D34_-040,0,-180,-40,-180,0,0,-180,40,-40,G -180 0 0 -180 40 -40
397,B,B_D34_-050,0,-10,-50,-10,0,0,-10,50,-50,G -10 0 0 -10 50 -50
398,B,B_D34_-050,0,-20,-50,-20,0,0,-20,50,-50,G -20 0 0 -20 50 -50
399,B,B_D34_-050,0,-30,-50,-30,0,0,-30,50,-50,G -30 0 0 -30 50 -50
400,B,B_D34_-050,0,-40,-50,-40,0,0,-40,50,-50,G -40 0 0 -40 50 -50
401,B,B_D34_-050,0,-50,-50,-50,0,0,-50,50,-50,G -50 0 0 -50 50 -50
402,B,B_D34_-050,0,-60,-50,-60,0,0,-60,50,-50,G -60 0 0 -60 50 -50
403,B,B_D34_-050,0,-70,-50,-70,0,0,-70,50,-50,G -70 0 0 -70 50 -50
404,B,B_D34_-050,0,-80,-50,-80,0,0,-80,50,-50,G -80 0 0 -80 50 -50
405,B,B_D34_-050,0,-90,-50,-90,0,0,-90,50,-50,G -90 0 0 -90 50 -50
406,B,B_D34_-050,0,-100,-50,-100,0,0,-100,50,-50,G -100 0 0 -100 50 -50
407,B,B_D34_-050,0,-110,-50,-110,0,0,-110,50,-50,G -110 0 0 -110 50 -50
408,B,B_D34_-050,0,-120,-50,-120,0,0,-120,50,-50,G -120 0 0 -120 50 -50
409,B,B_D34_-050,0,-130,-50,-130,0,0,-130,50,-50,G -130 0 0 -130 50 -50
410,B,B_D34_-050,0,-140,-50,-140,0,0,-140,50,-50,G -140 0 0 -140 50 -50
411,B,B_D34_-050,0,-150,-50,-150,0,0,-150,50,-50,G -150 0 0 -150 50 -50
412,B,B_D34_-050,0,-160,-50,-160,0,0,-160,50,-50,G -160 0 0 -160 50 -50
413,B,B_D34_-050,0,-170,-50,-170,0,0,-170,50,-50,G -170 0 0 -170 50 -50
414,B,B_D34_-050,0,-180,-50,-180,0,0,-180,50,-50,G -180 0 0 -180 50 -50
415,B,B_D34_-060,0,-10,-60,-10,0,0,-10,60,-60,G -10 0 0 -10 60 -60
416,B,B_D34_-060,0,-20,-60,-20,0,0,-20,60,-60,G -20 0 0 -20 60 -60
417,B,B_D34_-060,0,-30,-60,-30,0,0,-30,60,-60,G -30 0 0 -30 60 -60
418,B,B_D34_-060,0,-40,-60,-40,0,0,-40,60,-60,G -40 0 0 -40 60 -60
419,B,B_D34_-060,0,-50,-60,-50,0,0,-50,60,-60,G -50 0 0 -50 60 -60
420,B,B_D34_-060,0,-60,-60,-60,0,0,-60,60,-60,G -60 0 0 -60 60 -60
421,B,B_D34_-060,0,-70,-60,-70,0,0,-70,60,-60,G -70 0 0 -70 60 -60
422,B,B_D34_-060,0,-80,-60,-80,0,0,-80,60,-60,G -80 0 0 -80 60 -60
423,B,B_D34_-060,0,-90,-60,-90,0,0,-90,60,-60,G -90 0 0 -90 60 -60
424,B,B_D34_-060,0,-100,-60,-100,0,0,-100,60,-60,G -100 0 0 -100 60 -60
425,B,B_D34_-060,0,-110,-60,-110,0,0,-110,60,-60,G -110 0 0 -110 60 -60
426,B,B_D34_-060,0,-120,-60,-120,0,0,-120,60,-60,G -120 0 0 -120 60 -60
427,B,B_D34_-060,0,-130,-60,-130,0,0,-130,60,-60,G -130 0 0 -130 60 -60
428,B,B_D34_-060,0,-140,-60,-140,0,0,-140,60,-60,G -140 0 0 -140 60 -60
429,B,B_D34_-060,0,-150,-60,-150,0,0,-150,60,-60,G -150 0 0 -150 60 -60
430,B,B_D34_-060,0,-160,-60,-160,0,0,-160,60,-60,G -160 0 0 -160 60 -60
431,B,B_D34_-060,0,-170,-60,-170,0,0,-170,60,-60,G -170 0 0 -170 60 -60
432,B,B_D34_-060,0,-180,-60,-180,0,0,-180,60,-60,G -180 0 0 -180 60 -60
433,B,B_D34_-070,0,-10,-70,-10,0,0,-10,70,-70,G -10 0 0 -10 70 -70
434,B,B_D34_-070,0,-20,-70,-20,0,0,-20,70,-70,G -20 0 0 -20 70 -70
435,B,B_D34_-070,0,-30,-70,-30,0,0,-30,70,-70,G -30 0 0 -30 70 -70
436,B,B_D34_-070,0,-40,-70,-40,0,0,-40,70,-70,G -40 0 0 -40 70 -70
437,B,B_D34_-070,0,-50,-70,-50,0,0,-50,70,-70,G -50 0 0 -50 70 -70
438,B,B_D34_-070,0,-60,-70,-60,0,0,-60,70,-70,G -60 0 0 -60 70 -70
439,B,B_D34_-070,0,-70,-70,-70,0,0,-70,70,-70,G -70 0 0 -70 70 -70
440,B,B_D34_-070,0,-80,-70,-80,0,0,-80,70,-70,G -80 0 0 -80 70 -70
441,B,B_D34_-070,0,-90,-70,-90,0,0,-90,70,-70,G -90 0 0 -90 70 -70
442,B,B_D34_-070,0,-100,-70,-100,0,0,-100,70,-70,G -100 0 0 -100 70 -70
443,B,B_D34_-070,0,-110,-70,-110,0,0,-110,70,-70,G -110 0 0 -110 70 -70
444,B,B_D34_-070,0,-120,-70,-120,0,0,-120,70,-70,G -120 0 0 -120 70 -70
445,B,B_D34_-070,0,-130,-70,-130,0,0,-130,70,-70,G -130 0 0 -130 70 -70
446,B,B_D34_-070,0,-140,-70,-140,0,0,-140,70,-70,G -140 0 0 -140 70 -70
447,B,B_D34_-070,0,-150,-70,-150,0,0,-150,70,-70,G -150 0 0 -150 70 -70
448,B,B_D34_-070,0,-160,-70,-160,0,0,-160,70,-70,G -160 0 0 -160 70 -70
449,B,B_D34_-070,0,-170,-70,-170,0,0,-170,70,-70,G -170 0 0 -170 70 -70
450,B,B_D34_-070,0,-180,-70,-180,0,0,-180,70,-70,G -180 0 0 -180 70 -70
451,B,B_D34_-080,0,-10,-80,-10,0,0,-10,80,-80,G -10 0 0 -10 80 -80
452,B,B_D34_-080,0,-20,-80,-20,0,0,-20,80,-80,G -20 0 0 -20 80 -80
453,B,B_D34_-080,0,-30,-80,-30,0,0,-30,80,-80,G -30 0 0 -30 80 -80
454,B,B_D34_-080,0,-40,-80,-40,0,0,-40,80,-80,G -40 0 0 -40 80 -80
455,B,B_D34_-080,0,-50,-80,-50,0,0,-50,80,-80,G -50 0 0 -50 80 -80
456,B,B_D34_-080,0,-60,-80,-60,0,0,-60,80,-80,G -60 0 0 -60 80 -80
457,B,B_D34_-080,0,-70,-80,-70,0,0,-70,80,-80,G -70 0 0 -70 80 -80
458,B,B_D34_-080,0,-80,-80,-80,0,0,-80,80,-80,G -80 0 0 -80 80 -80
459,B,B_D34_-080,0,-90,-80,-90,0,0,-90,80,-80,G -90 0 0 -90 80 -80
460,B,B_D34_-080,0,-100,-80,-100,0,0,-100,80,-80,G -100 0 0 -100 80 -80
461,B,B_D34_-080,0,-110,-80,-110,0,0,-110,80,-80,G -110 0 0 -110 80 -80
462,B,B_D34_-080,0,-120,-80,-120,0,0,-120,80,-80,G -120 0 0 -120 80 -80
463,B,B_D34_-080,0,-130,-80,-130,0,0,-130,80,-80,G -130 0 0 -130 80 -80
464,B,B_D34_-080,0,-140,-80,-140,0,0,-140,80,-80,G -140 0 0 -140 80 -80
465,B,B_D34_-080,0,-150,-80,-150,0,0,-150,80,-80,G -150 0 0 -150 80 -80
466,B,B_D34_-080,0,-160,-80,-160,0,0,-160,80,-80,G -160 0 0 -160 80 -80
467,B,B_D34_-080,0,-170,-80,-170,0,0,-170,80,-80,G -170 0 0 -170 80 -80
468,B,B_D34_-080,0,-180,-80,-180,0,0,-180,80,-80,G -180 0 0 -180 80 -80
469,B,B_D34_-090,0,-10,-90,-10,0,0,-10,90,-90,G -10 0 0 -10 90 -90
470,B,B_D34_-090,0,-20,-90,-20,0,0,-20,90,-90,G -20 0 0 -20 90 -90
471,B,B_D34_-090,0,-30,-90,-30,0,0,-30,90,-90,G -30 0 0 -30 90 -90
472,B,B_D34_-090,0,-40,-90,-40,0,0,-40,90,-90,G -40 0 0 -40 90 -90
473,B,B_D34_-090,0,-50,-90,-50,0,0,-50,90,-90,G -50 0 0 -50 90 -90
474,B,B_D34_-090,0,-60,-90,-60,0,0,-60,90,-90,G -60 0 0 -60 90 -90
475,B,B_D34_-090,0,-70,-90,-70,0,0,-70,90,-90,G -70 0 0 -70 90 -90
476,B,B_D34_-090,0,-80,-90,-80,0,0,-80,90,-90,G -80 0 0 -80 90 -90
477,B,B_D34_-090,0,-90,-90,-90,0,0,-90,90,-90,G -90 0 0 -90 90 -90
478,B,B_D34_-090,0,-100,-90,-100,0,0,-100,90,-90,G -100 0 0 -100 90 -90
479,B,B_D34_-090,0,-110,-90,-110,0,0,-110,90,-90,G -110 0 0 -110 90 -90
480,B,B_D34_-090,0,-120,-90,-120,0,0,-120,90,-90,G -120 0 0 -120 90 -90
481,B,B_D34_-090,0,-130,-90,-130,0,0,-130,90,-90,G -130 0 0 -130 90 -90
482,B,B_D34_-090,0,-140,-90,-140,0,0,-140,90,-90,G -140 0 0 -140 90 -90
483,B,B_D34_-090,0,-150,-90,-150,0,0,-150,90,-90,G -150 0 0 -150 90 -90
484,B,B_D34_-090,0,-160,-90,-160,0,0,-160,90,-90,G -160 0 0 -160 90 -90
485,B,B_D34_-090,0,-170,-90,-170,0,0,-170,90,-90,G -170 0 0 -170 90 -90
486,B,B_D34_-090,0,-180,-90,-180,0,0,-180,90,-90,G -180 0 0 -180 90 -90
487,B,B_D34_-100,0,-10,-100,-10,0,0,-10,100,-100,G -10 0 0 -10 100 -100
488,B,B_D34_-100,0,-20,-100,-20,0,0,-20,100,-100,G -20 0 0 -20 100 -100
489,B,B_D34_-100,0,-30,-100,-30,0,0,-30,100,-100,G -30 0 0 -30 100 -100
490,B,B_D34_-100,0,-40,-100,-40,0,0,-40,100,-100,G -40 0 0 -40 100 -100
491,B,B_D34_-100,0,-50,-100,-50,0,0,-50,100,-100,G -50 0 0 -50 100 -100
492,B,B_D34_-100,0,-60,-100,-60,0,0,-60,100,-100,G -60 0 0 -60 100 -100
493,B,B_D34_-100,0,-70,-100,-70,0,0,-70,100,-100,G -70 0 0 -70 100 -100
494,B,B_D34_-100,0,-80,-100,-80,0,0,-80,100,-100,G -80 0 0 -80 100 -100
495,B,B_D34_-100,0,-90,-100,-90,0,0,-90,100,-100,G -90 0 0 -90 100 -100
496,B,B_D34_-100,0,-100,-100,-100,0,0,-100,100,-100,G -100 0 0 -100 100 -100
497,B,B_D34_-100,0,-110,-100,-110,0,0,-110,100,-100,G -110 0 0 -110 100 -100
498,B,B_D34_-100,0,-120,-100,-120,0,0,-120,100,-100,G -120 0 0 -120 100 -100
499,B,B_D34_-100,0,-130,-100,-130,0,0,-130,100,-100,G -130 0 0 -130 100 -100
500,B,B_D34_-100,0,-140,-100,-140,0,0,-140,100,-100,G -140 0 0 -140 100 -100
501,B,B_D34_-100,0,-150,-100,-150,0,0,-150,100,-100,G -150 0 0 -150 100 -100
502,B,B_D34_-100,0,-160,-100,-160,0,0,-160,100,-100,G -160 0 0 -160 100 -100
503,B,B_D34_-100,0,-170,-100,-170,0,0,-170,100,-100,G -170 0 0 -170 100 -100
504,B,B_D34_-100,0,-180,-100,-180,0,0,-180,100,-100,G -180 0 0 -180 100 -100
505,B,B_D34_-110,0,-10,-110,-10,0,0,-10,110,-110,G -10 0 0 -10 110 -110
506,B,B_D34_-110,0,-20,-110,-20,0,0,-20,110,-110,G -20 0 0 -20 110 -110
507,B,B_D34_-110,0,-30,-110,-30,0,0,-30,110,-110,G -30 0 0 -30 110 -110
508,B,B_D34_-110,0,-40,-110,-40,0,0,-40,110,-110,G -40 0 0 -40 110 -110
509,B,B_D34_-110,0,-50,-110,-50,0,0,-50,110,-110,G -50 0 0 -50 110 -110
510,B,B_D34_-110,0,-60,-110,-60,0,0,-60,110,-110,G -60 0 0 -60 110 -110
511,B,B_D34_-110,0,-70,-110,-70,0,0,-70,110,-110,G -70 0 0 -70 110 -110
512,B,B_D34_-110,0,-80,-110,-80,0,0,-80,110,-110,G -80 0 0 -80 110 -110
513,B,B_D34_-110,0,-90,-110,-90,0,0,-90,110,-110,G -90 0 0 -90 110 -110
514,B,B_D34_-110,0,-100,-110,-100,0,0,-100,110,-110,G -100 0 0 -100 110 -110
515,B,B_D34_-110,0,-110,-110,-110,0,0,-110,110,-110,G -110 0 0 -110 110 -110
516,B,B_D34_-110,0,-120,-110,-120,0,0,-120,110,-110,G -120 0 0 -120 110 -110
517,B,B_D34_-110,0,-130,-110,-130,0,0,-130,110,-110,G -130 0 0 -130 110 -110
518,B,B_D34_-110,0,-140,-110,-140,0,0,-140,110,-110,G -140 0 0 -140 110 -110
519,B,B_D34_-110,0,-150,-110,-150,0,0,-150,110,-110,G -150 0 0 -150 110 -110
520,B,B_D34_-110,0,-160,-110,-160,0,0,-160,110,-110,G -160 0 0 -160 110 -110
521,B,B_D34_-110,0,-170,-110,-170,0,0,-170,110,-110,G -170 0 0 -170 110 -110
522,B,B_D34_-110,0,-180,-110,-180,0,0,-180,110,-110,G -180 0 0 -180 110 -110
523,B,B_D34_-120,0,-10,-120,-10,0,0,-10,120,-120,G -10 0 0 -10 120 -120
524,B,B_D34_-120,0,-20,-120,-20,0,0,-20,120,-120,G -20 0 0 -20 120 -120
525,B,B_D34_-120,0,-30,-120,-30,0,0,-30,120,-120,G -30 0 0 -30 120 -120
526,B,B_D34_-120,0,-40,-120,-40,0,0,-40,120,-120,G -40 0 0 -40 120 -120
527,B,B_D34_-120,0,-50,-120,-50,0,0,-50,120,-120,G -50 0 0 -50 120 -120
528,B,B_D34_-120,0,-60,-120,-60,0,0,-60,120,-120,G -60 0 0 -60 120 -120
529,B,B_D34_-120,0,-70,-120,-70,0,0,-70,120,-120,G -70 0 0 -70 120 -120
530,B,B_D34_-120,0,-80,-120,-80,0,0,-80,120,-120,G -80 0 0 -80 120 -120
531,B,B_D34_-120,0,-90,-120,-90,0,0,-90,120,-120,G -90 0 0 -90 120 -120
532,B,B_D34_-120,0,-100,-120,-100,0,0,-100,120,-120,G -100 0 0 -100 120 -120
533,B,B_D34_-120,0,-110,-120,-110,0,0,-110,120,-120,G -110 0 0 -110 120 -120
534,B,B_D34_-120,0,-120,-120,-120,0,0,-120,120,-120,G -120 0 0 -120 120 -120
535,B,B_D34_-120,0,-130,-120,-130,0,0,-130,120,-120,G -130 0 0 -130 120 -120
536,B,B_D34_-120,0,-140,-120,-140,0,0,-140,120,-120,G -140 0 0 -140 120 -120
537,B,B_D34_-120,0,-150,-120,-150,0,0,-150,120,-120,G -150 0 0 -150 120 -120
538,B,B_D34_-120,0,-160,-120,-160,0,0,-160,120,-120,G -160 0 0 -160 120 -120
539,B,B_D34_-120,0,-170,-120,-170,0,0,-170,120,-120,G -170 0 0 -170 120 -120
540,B,B_D34_-120,0,-180,-120,-180,0,0,-180,120,-120,G -180 0 0 -180 120 -120
541,B,B_D34_-130,0,-10,-130,-10,0,0,-10,130,-130,G -10 0 0 -10 130 -130
542,B,B_D34_-130,0,-20,-130,-20,0,0,-20,130,-130,G -20 0 0 -20 130 -130
543,B,B_D34_-130,0,-30,-130,-30,0,0,-30,130,-130,G -30 0 0 -30 130 -130
544,B,B_D34_-130,0,-40,-130,-40,0,0,-40,130,-130,G -40 0 0 -40 130 -130
545,B,B_D34_-130,0,-50,-130,-50,0,0,-50,130,-130,G -50 0 0 -50 130 -130
546,B,B_D34_-130,0,-60,-130,-60,0,0,-60,130,-130,G -60 0 0 -60 130 -130
547,B,B_D34_-130,0,-70,-130,-70,0,0,-70,130,-130,G -70 0 0 -70 130 -130
548,B,B_D34_-130,0,-80,-130,-80,0,0,-80,130,-130,G -80 0 0 -80 130 -130
549,B,B_D34_-130,0,-90,-130,-90,0,0,-90,130,-130,G -90 0 0 -90 130 -130
550,B,B_D34_-130,0,-100,-130,-100,0,0,-100,130,-130,G -100 0 0 -100 130 -130
551,B,B_D34_-130,0,-110,-130,-110,0,0,-110,130,-130,G -110 0 0 -110 130 -130
552,B,B_D34_-130,0,-120,-130,-120,0,0,-120,130,-130,G -120 0 0 -120 130 -130
553,B,B_D34_-130,0,-130,-130,-130,0,0,-130,130,-130,G -130 0 0 -130 130 -130
554,B,B_D34_-130,0,-140,-130,-140,0,0,-140,130,-130,G -140 0 0 -140 130 -130
555,B,B_D34_-130,0,-150,-130,-150,0,0,-150,130,-130,G -150 0 0 -150 130 -130
556,B,B_D34_-130,0,-160,-130,-160,0,0,-160,130,-130,G -160 0 0 -160 130 -130
557,B,B_D34_-130,0,-170,-130,-170,0,0,-170,130,-130,G -170 0 0 -170 130 -130
558,B,B_D34_-130,0,-180,-130,-180,0,0,-180,130,-130,G -180 0 0 -180 130 -130
559,B,B_D34_-140,0,-10,-140,-10,0,0,-10,140,-140,G -10 0 0 -10 140 -140
560,B,B_D34_-140,0,-20,-140,-20,0,0,-20,140,-140,G -20 0 0 -20 140 -140
561,B,B_D34_-140,0,-30,-140,-30,0,0,-30,140,-140,G -30 0 0 -30 140 -140
562,B,B_D34_-140,0,-40,-140,-40,0,0,-40,140,-140,G -40 0 0 -40 140 -140
563,B,B_D34_-140,0,-50,-140,-50,0,0,-50,140,-140,G -50 0 0 -50 140 -140
564,B,B_D34_-140,0,-60,-140,-60,0,0,-60,140,-140,G -60 0 0 -60 140 -140
565,B,B_D34_-140,0,-70,-140,-70,0,0,-70,140,-140,G -70 0 0 -70 140 -140
566,B,B_D34_-140,0,-80,-140,-80,0,0,-80,140,-140,G -80 0 0 -80 140 -140
567,B,B_D34_-140,0,-90,-140,-90,0,0,-90,140,-140,G -90 0 0 -90 140 -140
568,B,B_D34_-140,0,-100,-140,-100,0,0,-100,140,-140,G -100 0 0 -100 140 -140
569,B,B_D34_-140,0,-110,-140,-110,0,0,-110,140,-140,G -110 0 0 -110 140 -140
570,B,B_D34_-140,0,-120,-140,-120,0,0,-120,140,-140,G -120 0 0 -120 140 -140
571,B,B_D34_-140,0,-130,-140,-130,0,0,-130,140,-140,G -130 0 0 -130 140 -140
572,B,B_D34_-140,0,-140,-140,-140,0,0,-140,140,-140,G -140 0 0 -140 140 -140
573,B,B_D34_-140,0,-150,-140,-150,0,0,-150,140,-140,G -150 0 0 -150 140 -140
574,B,B_D34_-140,0,-160,-140,-160,0,0,-160,140,-140,G -160 0 0 -160 140 -140
575,B,B_D34_-140,0,-170,-140,-170,0,0,-170,140,-140,G -170 0 0 -170 140 -140
576,B,B_D34_-140,0,-180,-140,-180,0,0,-180,140,-140,G -180 0 0 -180 140 -140
577,B,B_D34_-150,0,-10,-150,-10,0,0,-10,150,-150,G -10 0 0 -10 150 -150
578,B,B_D34_-150,0,-20,-150,-20,0,0,-20,150,-150,G -20 0 0 -20 150 -150
579,B,B_D34_-150,0,-30,-150,-30,0,0,-30,150,-150,G -30 0 0 -30 150 -150
580,B,B_D34_-150,0,-40,-150,-40,0,0,-40,150,-150,G -40 0 0 -40 150 -150
581,B,B_D34_-150,0,-50,-150,-50,0,0,-50,150,-150,G -50 0 0 -50 150 -150
582,B,B_D34_-150,0,-60,-150,-60,0,0,-60,150,-150,G -60 0 0 -60 150 -150
583,B,B_D34_-150,0,-70,-150,-70,0,0,-70,150,-150,G -70 0 0 -70 150 -150
584,B,B_D34_-150,0,-80,-150,-80,0,0,-80,150,-150,G -80 0 0 -80 150 -150
585,B,B_D34_-150,0,-90,-150,-90,0,0,-90,150,-150,G -90 0 0 -90 150 -150
586,B,B_D34_-150,0,-100,-150,-100,0,0,-100,150,-150,G -100 0 0 -100 150 -150
587,B,B_D34_-150,0,-110,-150,-110,0,0,-110,150,-150,G -110 0 0 -110 150 -150
588,B,B_D34_-150,0,-120,-150,-120,0,0,-120,150,-150,G -120 0 0 -120 150 -150
589,B,B_D34_-150,0,-130,-150,-130,0,0,-130,150,-150,G -130 0 0 -130 150 -150
590,B,B_D34_-150,0,-140,-150,-140,0,0,-140,150,-150,G -140 0 0 -140 150 -150
591,B,B_D34_-150,0,-150,-150,-150,0,0,-150,150,-150,G -150 0 0 -150 150 -150
592,B,B_D34_-150,0,-160,-150,-160,0,0,-160,150,-150,G -160 0 0 -160 150 -150
593,B,B_D34_-150,0,-170,-150,-170,0,0,-170,150,-150,G -170 0 0 -170 150 -150
594,B,B_D34_-150,0,-180,-150,-180,0,0,-180,150,-150,G -180 0 0 -180 150 -150
595,B,B_D34_-160,0,-10,-160,-10,0,0,-10,160,-160,G -10 0 0 -10 160 -160
596,B,B_D34_-160,0,-20,-160,-20,0,0,-20,160,-160,G -20 0 0 -20 160 -160
597,B,B_D34_-160,0,-30,-160,-30,0,0,-30,160,-160,G -30 0 0 -30 160 -160
598,B,B_D34_-160,0,-40,-160,-40,0,0,-40,160,-160,G -40 0 0 -40 160 -160
599,B,B_D34_-160,0,-50,-160,-50,0,0,-50,160,-160,G -50 0 0 -50 160 -160
600,B,B_D34_-160,0,-60,-160,-60,0,0,-60,160,-160,G -60 0 0 -60 160 -160
601,B,B_D34_-160,0,-70,-160,-70,0,0,-70,160,-160,G -70 0 0 -70 160 -160
602,B,B_D34_-160,0,-80,-160,-80,0,0,-80,160,-160,G -80 0 0 -80 160 -160
603,B,B_D34_-160,0,-90,-160,-90,0,0,-90,160,-160,G -90 0 0 -90 160 -160
604,B,B_D34_-160,0,-100,-160,-100,0,0,-100,160,-160,G -100 0 0 -100 160 -160
605,B,B_D34_-160,0,-110,-160,-110,0,0,-110,160,-160,G -110 0 0 -110 160 -160
606,B,B_D34_-160,0,-120,-160,-120,0,0,-120,160,-160,G -120 0 0 -120 160 -160
607,B,B_D34_-160,0,-130,-160,-130,0,0,-130,160,-160,G -130 0 0 -130 160 -160
608,B,B_D34_-160,0,-140,-160,-140,0,0,-140,160,-160,G -140 0 0 -140 160 -160
609,B,B_D34_-160,0,-150,-160,-150,0,0,-150,160,-160,G -150 0 0 -150 160 -160
610,B,B_D34_-160,0,-160,-160,-160,0,0,-160,160,-160,G -160 0 0 -160 160 -160
611,B,B_D34_-160,0,-170,-160,-170,0,0,-170,160,-160,G -170 0 0 -170 160 -160
612,B,B_D34_-160,0,-180,-160,-180,0,0,-180,160,-160,G -180 0 0 -180 160 -160
613,B,B_D34_-170,0,-10,-170,-10,0,0,-10,170,-170,G -10 0 0 -10 170 -170
614,B,B_D34_-170,0,-20,-170,-20,0,0,-20,170,-170,G -20 0 0 -20 170 -170
615,B,B_D34_-170,0,-30,-170,-30,0,0,-30,170,-170,G -30 0 0 -30 170 -170
616,B,B_D34_-170,0,-40,-170,-40,0,0,-40,170,-170,G -40 0 0 -40 170 -170
617,B,B_D34_-170,0,-50,-170,-50,0,0,-50,170,-170,G -50 0 0 -50 170 -170
618,B,B_D34_-170,0,-60,-170,-60,0,0,-60,170,-170,G -60 0 0 -60 170 -170
619,B,B_D34_-170,0,-70,-170,-70,0,0,-70,170,-170,G -70 0 0 -70 170 -170
620,B,B_D34_-170,0,-80,-170,-80,0,0,-80,170,-170,G -80 0 0 -80 170 -170
621,B,B_D34_-170,0,-90,-170,-90,0,0,-90,170,-170,G -90 0 0 -90 170 -170
622,B,B_D34_-170,0,-100,-170,-100,0,0,-100,170,-170,G -100 0 0 -100 170 -170
623,B,B_D34_-170,0,-110,-170,-110,0,0,-110,170,-170,G -110 0 0 -110 170 -170
624,B,B_D34_-170,0,-120,-170,-120,0,0,-120,170,-170,G -120 0 0 -120 170 -170
625,B,B_D34_-170,0,-130,-170,-130,0,0,-130,170,-170,G -130 0 0 -130 170 -170
626,B,B_D34_-170,0,-140,-170,-140,0,0,-140,170,-170,G -140 0 0 -140 170 -170
627,B,B_D34_-170,0,-150,-170,-150,0,0,-150,170,-170,G -150 0 0 -150 170 -170
628,B,B_D34_-170,0,-160,-170,-160,0,0,-160,170,-170,G -160 0 0 -160 170 -170
629,B,B_D34_-170,0,-170,-170,-170,0,0,-170,170,-170,G -170 0 0 -170 170 -170
630,B,B_D34_-170,0,-180,-170,-180,0,0,-180,170,-170,G -180 0 0 -180 170 -170
631,B,B_D34_-180,0,-10,-180,-10,0,0,-10,180,-180,G -10 0 0 -10 180 -180
632,B,B_D34_-180,0,-20,-180,-20,0,0,-20,180,-180,G -20 0 0 -20 180 -180
633,B,B_D34_-180,0,-30,-180,-30,0,0,-30,180,-180,G -30 0 0 -30 180 -180
634,B,B_D34_-180,0,-40,-180,-40,0,0,-40,180,-180,G -40 0 0 -40 180 -180
635,B,B_D34_-180,0,-50,-180,-50,0,0,-50,180,-180,G -50 0 0 -50 180 -180
636,B,B_D34_-180,0,-60,-180,-60,0,0,-60,180,-180,G -60 0 0 -60 180 -180
637,B,B_D34_-180,0,-70,-180,-70,0,0,-70,180,-180,G -70 0 0 -70 180 -180
638,B,B_D34_-180,0,-80,-180,-80,0,0,-80,180,-180,G -80 0 0 -80 180 -180
639,B,B_D34_-180,0,-90,-180,-90,0,0,-90,180,-180,G -90 0 0 -90 180 -180
640,B,B_D34_-180,0,-100,-180,-100,0,0,-100,180,-180,G -100 0 0 -100 180 -180
641,B,B_D34_-180,0,-110,-180,-110,0,0,-110,180,-180,G -110 0 0 -110 180 -180
642,B,B_D34_-180,0,-120,-180,-120,0,0,-120,180,-180,G -120 0 0 -120 180 -180
643,B,B_D34_-180,0,-130,-180,-130,0,0,-130,180,-180,G -130 0 0 -130 180 -180
644,B,B_D34_-180,0,-140,-180,-140,0,0,-140,180,-180,G -140 0 0 -140 180 -180
645,B,B_D34_-180,0,-150,-180,-150,0,0,-150,180,-180,G -150 0 0 -150 180 -180
646,B,B_D34_-180,0,-160,-180,-160,0,0,-160,180,-180,G -160 0 0 -160 180 -180
647,B,B_D34_-180,0,-170,-180,-170,0,0,-170,180,-180,G -170 0 0 -170 180 -180
648,B,B_D34_-180,0,-180,-180,-180,0,0,-180,180,-180,G -180 0 0 -180 180 -180
