sample_id,timestamp_iso,elapsed_s,pixel_u,pixel_v,x_mm,y_mm,z_mm,distance_mm,green_area_px,valid_3d_points,marker_pixels_used,valid_3d_ratio,temporal_frames_used,roi_x,roi_y,roi_w,roi_h
1,2026-07-11T21:54:04.275,27.865648,723,416,51.546,-43.491,-353.174,359.556,258.5,157,158,1.0,6,613,306,220,220
2,2026-07-11T21:54:21.005,44.595451,724,418,51.377,-44.791,-352.856,359.379,284.0,155,165,0.9697,7,614,308,220,220
3,2026-07-11T21:54:34.378,57.96866,723,422,51.057,-48.149,-353.454,360.354,268.5,162,168,0.96429,6,613,312,220,220
4,2026-07-11T21:54:50.740,74.330995,723,427,50.289,-50.743,-352.498,359.665,303.0,167,180,0.95556,6,613,317,220,220
5,2026-07-11T21:55:07.008,90.598277,721,433,49.476,-54.767,-352.79,360.427,266.0,158,161,0.98758,7,611,323,220,220
6,2026-07-11T21:55:24.082,107.673035,719,440,48.182,-59.285,-352.348,360.534,264.0,153,159,0.96226,4,609,330,220,220
7,2026-07-11T21:55:51.811,135.402078,716,447,46.143,-63.803,-351.63,360.338,271.5,155,163,0.95092,6,606,337,220,220
8,2026-07-11T21:56:03.713,147.303795,712,455,43.645,-69.143,-351.961,361.334,287.5,148,167,0.89222,6,602,345,220,220
9,2026-07-11T21:56:19.119,162.709456,708,463,40.836,-74.282,-351.392,361.472,271.0,145,163,0.88957,5,598,353,220,220
10,2026-07-11T21:56:30.321,173.91175,704,470,38.01,-79.249,-351.216,362.047,279.5,162,164,0.9878,6,594,360,220,220
11,2026-07-11T21:56:42.215,185.805947,700,477,35.516,-83.97,-351.006,362.653,281.5,145,162,0.89506,4,590,367,220,220
12,2026-07-11T21:56:52.682,196.272131,695,485,32.179,-88.396,-350.16,362.576,268.0,148,159,0.93082,7,585,375,220,220
13,2026-07-11T21:57:05.550,209.140232,690,493,28.95,-93.57,-349.734,363.191,285.0,149,166,0.89759,7,580,383,220,220
14,2026-07-11T21:57:19.850,223.440912,683,504,24.184,-100.149,-348.433,363.346,274.5,154,156,0.98718,7,573,394,220,220
15,2026-07-11T21:57:33.819,237.409805,679,509,21.669,-103.496,-348.279,363.977,266.0,148,154,0.96104,7,569,399,220,220
16,2026-07-11T21:57:45.417,249.007636,678,511,20.893,-104.708,-348.137,364.142,271.0,126,156,0.80769,6,568,401,220,220
17,2026-07-11T21:57:56.754,260.34457,674,517,17.636,-108.375,-347.82,364.739,303.5,128,180,0.73333,6,564,407,220,220
18,2026-07-11T21:58:17.753,281.343843,664,526,12.097,-114.182,-346.986,365.49,271.0,154,156,0.98718,7,554,416,220,220
19,2026-07-11T22:01:45.508,489.098755,721,428,49.6,-51.467,-353.254,360.412,266.5,153,159,0.96226,7,611,318,220,220
20,2026-07-11T22:02:01.908,505.498354,721,429,49.565,-52.179,-353.197,360.454,272.5,162,163,0.99387,7,611,319,220,220
21,2026-07-11T22:02:33.543,537.133843,720,430,49.547,-52.872,-353.695,361.041,262.5,150,157,0.95541,7,610,320,220,220
22,2026-07-11T22:02:46.243,549.833317,720,435,48.79,-56.167,-353.736,361.475,262.0,149,153,0.97386,7,610,325,220,220
23,2026-07-11T22:03:04.641,568.231236,716,443,46.641,-61.472,-353.464,361.788,256.5,147,152,0.96711,7,606,333,220,220
24,2026-07-11T22:03:17.305,580.895419,714,450,44.788,-66.117,-353.2,362.116,266.0,142,154,0.92208,6,604,340,220,220
25,2026-07-11T22:03:28.782,592.372484,710,457,42.609,-70.643,-353.068,362.578,267.5,147,156,0.94231,6,600,347,220,220
26,2026-07-11T22:05:45.348,728.938953,707,464,40.218,-75.118,-352.374,362.529,286.0,168,171,0.98246,7,597,354,220,220
27,2026-07-11T22:06:02.348,745.939002,704,471,37.654,-79.009,-351.693,362.419,321.0,175,187,0.95722,5,594,361,220,220
28,2026-07-11T22:06:16.191,759.782038,700,475,35.413,-82.272,-351.113,362.358,273.5,155,157,0.98726,5,590,365,220,220
29,2026-07-11T22:06:42.190,785.78075,699,477,34.82,-83.573,-350.931,362.421,284.0,143,164,0.87195,7,589,367,220,220
30,2026-07-11T22:07:21.354,824.944426,696,483,32.983,-86.951,-350.347,362.479,288.0,164,166,0.98795,7,586,373,220,220
31,2026-07-11T22:07:38.356,841.946491,692,490,30.266,-91.53,-350.074,363.106,270.0,134,151,0.88742,6,582,380,220,220
32,2026-07-11T22:07:59.700,863.290854,686,499,26.32,-97.394,-349.268,363.547,274.5,148,155,0.95484,6,576,389,220,220
33,2026-07-11T22:08:11.126,874.716466,680,507,22.311,-102.249,-348.329,363.711,273.5,157,159,0.98742,7,570,397,220,220
34,2026-07-11T22:08:23.162,886.752522,673,515,17.711,-107.605,-347.581,364.287,257.0,136,146,0.93151,7,563,405,220,220
35,2026-07-11T22:08:39.664,903.254291,663,525,11.16,-113.989,-347.338,365.735,267.5,119,156,0.76282,6,553,415,220,220
36,2026-07-11T22:08:50.195,913.785928,656,533,6.554,-118.779,-346.702,366.543,266.5,142,154,0.92208,6,546,423,220,220
37,2026-07-11T22:11:09.810,1053.400134,721,420,50.139,-45.928,-351.763,358.274,315.5,165,188,0.87766,5,611,310,220,220
38,2026-07-11T22:11:30.638,1074.228263,721,420,49.561,-45.917,-351.738,358.168,312.0,174,184,0.94565,4,611,310,220,220
39,2026-07-11T22:11:47.814,1091.40415,721,420,50.116,-45.89,-351.656,358.161,312.5,165,185,0.89189,4,611,310,220,220
40,2026-07-11T22:11:59.407,1102.997681,721,420,49.859,-45.969,-351.759,358.237,325.5,179,195,0.91795,7,611,310,220,220
41,2026-07-11T22:12:20.372,1123.96256,721,421,50.082,-46.627,-351.659,358.254,316.5,170,184,0.92391,5,611,311,220,220
42,2026-07-11T22:12:33.879,1137.469202,718,432,47.608,-53.937,-351.862,359.141,297.0,170,176,0.96591,5,608,322,220,220
43,2026-07-11T22:13:05.008,1168.59906,714,447,44.768,-63.829,-351.508,360.05,286.0,165,167,0.98802,6,604,337,220,220
44,2026-07-11T22:13:17.540,1181.131098,709,459,41.02,-71.701,-351.453,361.03,318.0,175,181,0.97238,6,599,349,220,220
45,2026-07-11T22:13:29.775,1193.365353,702,471,36.692,-78.93,-350.984,361.616,290.5,163,172,0.94767,7,592,361,220,220
46,2026-07-11T22:13:49.116,1212.706968,694,479,32.062,-84.776,-349.968,361.515,287.0,164,169,0.97041,6,584,369,220,220
47,2026-07-11T22:14:14.878,1238.468941,693,483,30.273,-86.949,-349.882,361.793,312.0,172,184,0.94022,7,583,373,220,220
48,2026-07-11T22:14:49.421,1273.01176,689,488,28.304,-89.885,-349.439,361.922,298.0,158,165,0.95758,5,579,378,220,220
49,2026-07-11T22:15:04.824,1288.414379,684,496,25.522,-95.243,-348.815,362.484,280.0,156,161,0.96894,7,574,386,220,220
50,2026-07-11T22:15:21.497,1305.087817,678,506,20.968,-102.057,-347.969,363.232,249.5,130,142,0.91549,6,568,396,220,220
51,2026-07-11T22:15:36.628,1320.218851,672,514,16.565,-107.024,-347.758,364.231,256.0,94,148,0.63514,6,562,404,220,220
52,2026-07-11T22:15:52.054,1335.6442,664,523,11.828,-112.555,-347.704,365.659,263.0,142,152,0.93421,7,554,413,220,220
53,2026-07-11T22:16:06.552,1350.143054,655,532,6.557,-118.002,-346.79,366.375,270.5,137,155,0.88387,5,545,422,220,220
54,2026-07-11T22:16:21.064,1364.654492,646,540,0.706,-123.477,-346.924,368.243,278.0,158,165,0.95758,7,536,430,220,220
55,2026-07-11T22:17:26.123,1429.713543,718,428,47.53,-51.253,-351.768,358.645,311.5,153,188,0.81383,5,608,318,220,220
56,2026-07-11T22:17:40.524,1444.115083,718,428,47.545,-51.262,-351.793,358.673,311.5,152,187,0.81283,6,608,318,220,220
57,2026-07-11T22:18:20.929,1484.519396,718,427,47.581,-51.286,-351.889,358.776,317.5,164,190,0.86316,7,608,317,220,220
58,2026-07-11T22:18:34.263,1497.854064,718,428,47.514,-51.26,-351.85,358.725,308.5,171,184,0.92935,6,608,318,220,220
59,2026-07-11T22:18:43.531,1507.121989,718,428,47.523,-51.271,-351.604,358.486,310.5,164,185,0.88649,6,608,318,220,220
60,2026-07-11T22:18:54.269,1517.859616,716,434,46.685,-55.081,-350.882,358.234,306.0,167,182,0.91758,4,606,324,220,220
61,2026-07-11T22:19:10.803,1534.393518,713,448,43.996,-64.257,-350.444,358.993,322.0,167,193,0.86528,5,603,338,220,220
62,2026-07-11T22:19:23.266,1546.856184,706,465,39.474,-75.119,-350.527,360.653,306.0,178,187,0.95187,7,596,355,220,220
63,2026-07-11T22:19:42.032,1565.623039,698,475,34.797,-82.476,-349.994,361.26,289.5,155,170,0.91176,5,588,365,220,220
64,2026-07-11T22:19:58.242,1581.832724,689,487,28.913,-89.954,-349.422,361.972,287.0,159,169,0.94083,7,579,377,220,220
65,2026-07-11T22:20:12.841,1596.431596,683,495,24.228,-94.696,-348.466,361.916,282.0,151,160,0.94375,7,573,385,220,220
66,2026-07-11T22:20:29.472,1613.063107,679,500,21.699,-97.697,-348.566,362.649,265.5,145,154,0.94156,6,569,390,220,220
67,2026-07-11T22:20:46.602,1630.192456,672,508,17.088,-102.975,-348.038,363.354,256.5,120,148,0.81081,7,562,398,220,220
68,2026-07-11T22:21:01.377,1644.967237,664,518,11.83,-109.598,-348.147,365.182,254.0,113,146,0.77397,7,554,408,220,220
69,2026-07-11T22:21:15.074,1658.664842,657,527,7.257,-115.665,-348.877,367.623,267.0,118,159,0.74214,7,547,417,220,220
70,2026-07-11T22:21:34.406,1677.996136,649,534,2.655,-119.945,-347.34,367.476,254.0,110,149,0.73826,7,539,424,220,220
71,2026-07-11T22:21:47.846,1691.436776,641,543,-2.556,-125.261,-347.384,369.287,279.5,128,164,0.78049,7,531,433,220,220
72,2026-07-11T22:22:05.678,1709.268308,632,550,-9.054,-129.592,-346.616,370.161,290.5,159,174,0.91379,6,522,440,220,220
73,2026-07-11T22:24:08.025,1831.615155,714,432,45.478,-53.791,-351.391,358.382,318.5,180,191,0.94241,6,604,322,220,220
74,2026-07-11T22:24:24.357,1847.947529,715,432,45.493,-53.83,-351.432,358.43,321.5,170,191,0.89005,7,605,322,220,220
75,2026-07-11T22:24:39.254,1862.84449,714,432,45.468,-53.782,-351.394,358.382,321.0,193,198,0.97475,6,604,322,220,220
76,2026-07-11T22:24:55.684,1879.274407,714,432,45.476,-53.806,-351.412,358.404,318.5,172,191,0.90052,6,604,322,220,220
77,2026-07-11T22:25:39.294,1922.884587,714,432,45.476,-53.781,-351.431,358.419,317.5,191,194,0.98454,7,604,322,220,220
78,2026-07-11T22:25:58.223,1941.814079,714,436,44.816,-56.39,-350.954,358.269,311.5,178,187,0.95187,7,604,326,220,220
79,2026-07-11T22:26:13.131,1956.721553,711,448,42.77,-64.094,-350.49,358.861,322.0,174,192,0.90625,5,601,338,220,220
80,2026-07-11T22:26:31.101,1974.691251,706,463,39.435,-73.691,-350.045,359.884,329.0,193,200,0.965,7,596,353,220,220
81,2026-07-11T22:26:51.596,1995.186774,699,475,34.786,-81.512,-349.417,360.481,307.5,181,185,0.97838,6,589,365,220,220
82,2026-07-11T22:27:04.927,2008.51794,690,487,28.874,-89.153,-349.27,361.623,304.5,180,184,0.97826,6,580,377,220,220
83,2026-07-11T22:27:24.961,2028.551382,681,497,22.932,-95.761,-348.568,362.209,310.0,178,186,0.95699,7,571,387,220,220
84,2026-07-11T22:27:46.568,2050.158714,675,503,19.626,-99.63,-348.324,362.823,284.5,149,171,0.87135,7,565,393,220,220
85,2026-07-11T22:27:56.236,2059.827025,664,514,12.455,-107.217,-348.838,365.155,258.5,131,150,0.87333,6,554,404,220,220
86,2026-07-11T22:28:13.931,2077.521898,655,524,5.952,-113.549,-348.028,366.132,256.0,135,152,0.88816,7,545,414,220,220
87,2026-07-11T22:28:31.233,2094.823522,647,533,0.711,-119.146,-348.352,368.165,279.5,126,164,0.76829,7,537,423,220,220
88,2026-07-11T22:28:50.608,2114.198868,639,541,-4.514,-124.325,-348.111,369.673,278.5,143,168,0.85119,7,529,431,220,220
89,2026-07-11T22:29:02.675,2126.266062,630,548,-11.018,-128.5,-348.021,371.15,285.5,123,175,0.70286,7,520,438,220,220
90,2026-07-11T22:29:15.739,2139.329184,620,555,-16.897,-132.854,-347.787,372.682,264.5,134,161,0.8323,7,510,445,220,220
91,2026-07-11T22:30:37.475,2221.065642,708,442,41.032,-60.732,-351.853,359.406,309.5,172,196,0.87755,7,598,332,220,220
92,2026-07-11T22:31:11.509,2255.100104,708,442,41.045,-60.602,-352.077,359.605,317.5,139,197,0.70558,6,598,332,220,220
93,2026-07-11T22:31:31.581,2275.171991,708,443,41.042,-60.532,-351.985,359.503,322.5,160,205,0.79024,6,598,333,220,220
94,2026-07-11T22:31:48.156,2291.746346,708,442,41.049,-60.552,-352.105,359.624,303.0,153,189,0.80952,7,598,332,220,220
95,2026-07-11T22:31:58.682,2302.273068,708,443,41.02,-61.176,-351.934,359.559,315.0,156,197,0.79188,7,598,333,220,220
96,2026-07-11T22:32:11.649,2315.239879,707,447,40.334,-63.772,-351.582,359.588,308.5,136,194,0.70103,7,597,337,220,220
97,2026-07-11T22:32:23.417,2327.007664,704,457,38.936,-70.207,-351.365,360.42,316.5,184,199,0.92462,4,594,347,220,220
98,2026-07-11T22:32:34.115,2337.705187,699,466,35.359,-76.267,-351.064,360.989,299.0,153,185,0.82703,5,589,356,220,220
99,2026-07-11T22:32:44.182,2347.772669,692,478,30.368,-83.534,-350.435,361.531,322.5,148,199,0.74372,7,582,368,220,220
100,2026-07-11T22:33:15.787,2379.377127,683,490,23.775,-91.243,-350.195,362.666,299.0,146,183,0.79781,7,573,380,220,220
101,2026-07-11T22:33:31.126,2394.716405,678,495,21.049,-95.154,-349.793,363.115,299.0,174,186,0.93548,7,568,385,220,220
102,2026-07-11T22:33:44.721,2408.312019,672,503,17.126,-99.751,-350.094,364.43,292.0,160,180,0.88889,5,562,393,220,220
103,2026-07-11T22:33:56.256,2419.846244,662,514,10.527,-106.722,-348.468,364.596,290.0,159,184,0.86413,7,552,404,220,220
104,2026-07-11T22:34:06.256,2429.846648,650,525,3.318,-114.165,-348.081,366.34,284.5,168,178,0.94382,7,540,415,220,220
105,2026-07-11T22:34:27.758,2451.349106,639,535,-4.518,-120.133,-348.132,368.304,276.0,143,173,0.82659,7,529,425,220,220
106,2026-07-11T22:34:43.256,2466.846827,627,544,-12.352,-125.851,-348.164,370.418,277.0,121,173,0.69942,7,517,434,220,220
107,2026-07-11T22:34:55.125,2478.715179,618,551,-18.859,-129.062,-347.707,371.366,311.0,120,174,0.6954,7,508,441,220,220
108,2026-07-11T22:35:06.088,2489.678717,609,556,-24.099,-133.451,-347.575,373.093,250.0,123,154,0.7987,6,499,446,220,220
109,2026-07-11T22:40:06.374,2789.96417,701,438,35.874,-58.081,-353.104,359.643,296.5,108,190,0.56842,6,591,328,220,220
110,2026-07-11T22:40:16.883,2800.473126,701,438,35.293,-57.411,-352.989,359.364,304.5,132,195,0.67692,7,591,328,220,220
111,2026-07-11T22:40:31.585,2815.175499,701,438,36.511,-58.169,-352.71,359.334,301.0,147,191,0.76963,6,591,328,220,220
112,2026-07-11T22:40:59.756,2843.346219,700,444,35.009,-61.405,-353.375,360.375,305.0,141,192,0.73438,6,590,334,220,220
113,2026-07-11T22:41:57.816,2901.406898,699,449,34.633,-65.238,-352.415,360.072,294.5,175,188,0.93085,7,589,339,220,220
114,2026-07-11T22:42:12.086,2915.676304,696,459,32.559,-71.497,-352.633,361.278,315.0,156,203,0.78325,7,586,349,220,220
115,2026-07-11T22:42:21.423,2925.013234,691,467,28.56,-76.343,-352.356,361.661,298.5,113,189,0.59788,7,581,357,220,220
116,2026-07-11T22:42:32.450,2936.041002,687,472,25.339,-79.65,-352.506,362.279,288.0,69,186,0.37097,7,577,362,220,220
117,2026-07-11T22:42:45.658,2949.248782,679,482,21.255,-87.373,-351.49,362.81,297.0,154,195,0.78974,6,569,372,220,220
118,2026-07-11T22:43:05.958,2969.549028,676,493,17.988,-90.533,-351.531,363.447,386.5,131,224,0.70089,7,566,383,220,220
119,2026-07-11T22:43:23.993,2987.583556,664,506,11.308,-99.089,-351.049,364.941,396.5,139,264,0.65909,7,554,396,220,220
120,2026-07-11T22:43:35.192,2998.782544,652,516,3.339,-108.171,-349.24,365.624,282.5,173,180,0.96111,5,542,406,220,220
121,2026-07-11T22:43:44.455,3008.045777,639,527,-5.171,-115.412,-348.383,367.038,295.0,176,189,0.93122,7,529,417,220,220
122,2026-07-11T22:43:54.755,3018.345398,623,538,-14.649,-122.469,-347.752,368.978,270.5,120,180,0.66667,6,513,428,220,220
123,2026-07-11T22:44:16.566,3040.156983,608,547,-26.102,-127.841,-348.395,372.027,267.0,114,168,0.67857,7,498,437,220,220
124,2026-07-11T22:44:27.401,3050.991155,598,552,-31.888,-131.188,-347.491,372.796,262.0,112,170,0.65882,7,488,442,220,220
125,2026-07-11T22:44:39.393,3062.983928,592,555,-36.345,-132.965,-347.139,373.505,271.0,109,172,0.63372,7,482,445,220,220
126,2026-07-11T22:44:51.999,3075.589314,592,555,-35.806,-133.058,-347.233,373.574,253.0,120,162,0.74074,7,482,445,220,220
127,2026-07-11T22:49:01.350,3324.940796,690,460,28.578,-72.091,-352.869,361.29,305.0,176,200,0.88,7,580,350,220,220
128,2026-07-11T22:49:19.750,3343.340257,688,464,27.266,-74.98,-352.592,361.506,289.0,167,191,0.87435,7,578,354,220,220
129,2026-07-11T22:49:32.914,3356.504629,685,472,24.888,-80.325,-352.816,362.699,311.5,180,207,0.86957,7,575,362,220,220
130,2026-07-11T22:49:42.214,3365.804513,680,480,22.591,-84.884,-352.146,362.936,302.0,163,205,0.79512,7,570,370,220,220
131,2026-07-11T22:50:01.555,3385.145417,677,485,19.906,-88.963,-351.702,363.325,306.0,179,205,0.87317,4,567,375,220,220
132,2026-07-11T22:50:20.447,3404.037139,677,485,19.925,-88.756,-351.72,363.293,302.0,179,201,0.89055,4,567,375,220,220
133,2026-07-11T22:50:38.287,3421.878121,677,485,19.897,-88.936,-351.746,363.361,309.5,183,205,0.89268,5,567,375,220,220
134,2026-07-11T22:50:50.723,3434.313777,674,488,18.559,-90.061,-351.489,363.318,300.5,167,204,0.81863,7,564,378,220,220
135,2026-07-11T22:51:15.926,3459.516446,671,492,16.532,-92.832,-351.589,364.014,301.0,180,204,0.88235,7,561,382,220,220
136,2026-07-11T22:51:31.795,3475.385581,669,494,15.223,-94.43,-351.652,364.428,296.5,184,196,0.93878,4,559,384,220,220
137,2026-07-11T22:51:47.718,3491.309109,664,501,11.879,-99.49,-350.475,364.516,291.5,175,190,0.92105,4,554,391,220,220
138,2026-07-11T22:52:07.896,3511.486745,662,503,10.584,-100.235,-350.654,364.852,314.0,187,209,0.89474,7,552,393,220,220
139,2026-07-11T22:52:21.487,3525.077455,656,510,5.991,-105.085,-350.217,365.693,300.0,183,198,0.92424,7,546,400,220,220
140,2026-07-11T22:52:45.361,3548.951501,647,520,1.369,-110.237,-349.64,366.609,340.5,181,211,0.88626,7,537,410,220,220
141,2026-07-11T22:52:55.191,3558.78125,642,525,-3.721,-114.397,-349.002,367.292,311.5,182,207,0.87923,6,532,415,220,220
142,2026-07-11T22:53:05.429,3569.020086,638,528,-5.862,-117.573,-349.358,368.658,304.0,142,197,0.72081,6,528,418,220,220
143,2026-07-11T22:53:15.793,3579.383782,633,533,-9.781,-119.181,-348.136,368.102,296.5,175,191,0.91623,7,523,423,220,220
144,2026-07-11T22:53:30.691,3594.281625,622,540,-16.936,-123.345,-348.351,369.931,322.0,163,218,0.74771,5,512,430,220,220
145,2026-07-11T22:54:37.363,3660.953301,685,463,23.956,-74.517,-351.998,360.596,306.0,75,200,0.375,7,575,353,220,220
146,2026-07-11T22:54:56.705,3680.295418,685,463,23.381,-75.073,-352.182,360.853,310.5,69,202,0.35149,7,575,353,220,220
147,2026-07-11T22:55:14.262,3697.853008,685,463,24.033,-74.476,-352.135,360.726,310.0,71,201,0.35323,7,575,353,220,220
148,2026-07-11T22:55:26.006,3709.597099,685,463,27.687,-74.422,-351.983,360.829,299.0,83,198,0.41919,5,575,353,220,220
149,2026-07-11T22:55:59.272,3742.862321,685,463,25.85,-74.111,-352.034,360.678,301.0,71,200,0.355,7,575,353,220,220
150,2026-07-11T22:56:14.766,3758.357006,684,466,25.783,-76.863,-351.89,361.108,310.5,80,210,0.38095,7,574,356,220,220
151,2026-07-11T22:56:23.868,3767.458145,680,476,23.456,-82.685,-351.728,362.076,307.0,129,205,0.62927,6,570,366,220,220
152,2026-07-11T22:56:46.370,3789.961015,674,486,18.608,-89.416,-351.863,363.523,302.5,183,201,0.91045,6,564,376,220,220
153,2026-07-11T22:56:59.075,3802.665299,670,492,15.229,-93.322,-351.33,363.832,305.5,166,202,0.82178,7,560,382,220,220
154,2026-07-11T22:57:14.717,3818.307418,663,498,10.94,-97.844,-351.151,364.692,308.0,172,199,0.86432,7,553,388,220,220
155,2026-07-11T22:57:44.106,3847.69664,660,502,9.256,-99.507,-350.6,364.565,311.5,176,206,0.85437,6,550,392,220,220
156,2026-07-11T22:58:03.284,3866.874207,657,506,7.308,-102.388,-350.641,365.357,313.5,187,209,0.89474,7,547,396,220,220
157,2026-07-11T22:58:14.781,3878.371299,653,512,4.32,-106.453,-350.292,366.136,309.5,141,201,0.70149,6,543,402,220,220
158,2026-07-11T22:58:49.280,3912.870659,647,518,0.057,-110.254,-349.679,366.649,309.5,152,204,0.7451,7,537,408,220,220
159,2026-07-11T22:59:05.179,3928.769466,641,524,-3.229,-114.186,-349.579,367.769,322.0,176,206,0.85437,7,531,414,220,220
160,2026-07-11T22:59:13.718,3937.308963,641,525,-3.88,-114.197,-349.598,367.797,313.5,171,201,0.85075,6,531,415,220,220
161,2026-07-11T22:59:23.746,3947.336518,637,527,-5.857,-115.737,-349.425,368.14,336.5,204,225,0.90667,5,527,417,220,220
162,2026-07-11T22:59:44.153,3967.743519,629,533,-11.783,-120.227,-349.128,369.437,326.0,170,213,0.79812,7,519,423,220,220
163,2026-07-11T23:00:59.391,4042.981558,675,470,19.826,-78.972,-351.978,361.273,316.0,136,204,0.66667,7,565,360,220,220
164,2026-07-11T23:01:15.758,4059.348168,675,470,19.189,-80.181,-351.92,361.448,308.0,127,200,0.635,4,565,360,220,220
165,2026-07-11T23:01:28.189,4071.780064,675,470,19.563,-78.971,-351.982,361.262,314.0,142,206,0.68932,6,565,360,220,220
166,2026-07-11T23:01:39.087,4082.677631,675,470,19.87,-79.416,-351.867,361.264,304.5,106,196,0.54082,7,565,360,220,220
167,2026-07-11T23:02:02.726,4106.316759,676,471,19.903,-79.057,-352.012,361.328,320.0,102,208,0.49038,7,566,361,220,220
168,2026-07-11T23:02:19.701,4123.291675,675,474,19.213,-81.89,-351.752,361.669,314.0,135,206,0.65534,7,565,364,220,220
169,2026-07-11T23:02:31.662,4135.252531,672,482,17.188,-86.39,-351.532,362.4,315.0,122,203,0.60099,7,562,372,220,220
170,2026-07-11T23:02:40.367,4143.957726,667,490,14.515,-92.006,-350.959,363.109,313.0,145,205,0.70732,6,557,380,220,220
171,2026-07-11T23:02:54.995,4158.585144,662,496,10.579,-95.861,-351.003,364.012,307.0,169,198,0.85354,7,552,386,220,220
172,2026-07-11T23:03:07.759,4171.349282,655,503,5.355,-100.346,-350.461,364.583,318.0,161,205,0.78537,7,545,393,220,220
173,2026-07-11T23:03:25.827,4189.417661,650,509,2.681,-104.285,-350.074,365.287,307.5,174,198,0.87879,5,540,399,220,220
174,2026-07-11T23:03:38.467,4202.057696,644,519,-1.256,-110.309,-349.503,366.499,304.0,164,198,0.82828,6,534,409,220,220
175,2026-07-11T23:03:54.734,4218.324178,636,528,-7.143,-116.497,-349.378,368.358,326.5,125,210,0.59524,7,526,418,220,220
176,2026-07-11T23:04:10.436,4234.026585,627,535,-12.429,-120.536,-348.49,368.956,322.5,185,205,0.90244,7,517,425,220,220
177,2026-07-11T23:04:26.471,4250.061639,620,540,-17.649,-123.918,-348.692,370.477,316.5,169,203,0.83251,6,510,430,220,220
178,2026-07-11T23:04:41.339,4264.929189,619,541,-18.202,-124.038,-348.274,370.151,332.0,148,208,0.71154,7,509,431,220,220
179,2026-07-11T23:04:57.534,4281.12433,619,541,-17.663,-124.356,-348.386,370.337,349.5,191,226,0.84513,7,509,431,220,220
180,2026-07-11T23:05:07.701,4291.291448,620,540,-18.189,-124.395,-348.125,370.129,318.0,161,198,0.81313,7,510,430,220,220
181,2026-07-11T23:06:24.743,4368.333261,664,475,12.483,-82.733,-349.623,359.495,310.5,135,195,0.69231,7,554,365,220,220
182,2026-07-11T23:06:36.817,4380.407415,664,475,11.856,-82.104,-349.572,359.28,320.5,140,202,0.69307,7,554,365,220,220
183,2026-07-11T23:06:53.717,4397.307488,664,475,12.512,-82.511,-349.556,359.381,311.0,159,192,0.82812,7,554,365,220,220
184,2026-07-11T23:07:04.407,4407.997582,664,475,12.514,-82.186,-349.513,359.264,311.0,158,189,0.83598,7,554,365,220,220
185,2026-07-11T23:07:17.644,4421.234145,664,476,13.16,-82.742,-349.409,359.313,308.5,154,193,0.79793,7,554,366,220,220
186,2026-07-11T23:07:27.242,4430.832627,663,479,12.825,-84.119,-349.107,359.327,333.5,126,215,0.58605,7,553,369,220,220
187,2026-07-11T23:07:37.247,4440.837174,662,482,11.235,-87.174,-349.821,360.694,320.0,151,200,0.755,7,552,372,220,220
188,2026-07-11T23:07:48.911,4452.501432,659,486,9.234,-89.372,-349.6,360.961,303.5,163,191,0.8534,6,549,376,220,220
189,2026-07-11T23:07:58.721,4462.311234,653,494,4.666,-94.743,-349.027,361.687,328.0,172,212,0.81132,7,543,384,220,220
190,2026-07-11T23:08:09.348,4472.938384,647,501,1.365,-98.74,-348.206,361.937,319.5,149,198,0.75253,7,537,391,220,220
191,2026-07-11T23:08:18.888,4482.478207,642,506,-1.25,-102.441,-347.92,362.69,315.0,147,196,0.75,7,532,396,220,220
192,2026-07-11T23:08:27.348,4490.939072,636,516,-5.816,-108.11,-347.714,364.179,333.5,149,206,0.7233,7,526,406,220,220
193,2026-07-11T23:08:35.084,4498.674379,629,525,-10.356,-114.479,-347.321,365.847,330.0,140,209,0.66986,7,519,415,220,220
194,2026-07-11T23:08:44.154,4507.744284,623,532,-14.259,-118.621,-346.665,366.675,337.5,171,210,0.81429,7,513,422,220,220
195,2026-07-11T23:08:52.780,4516.371063,619,535,-16.202,-120.03,-346.492,367.051,322.5,178,202,0.88119,7,509,425,220,220
196,2026-07-11T23:09:07.653,4531.243421,619,536,-16.229,-120.117,-346.415,367.008,339.5,193,220,0.87727,7,509,426,220,220
197,2026-07-11T23:09:24.287,4547.877659,619,535,-16.828,-120.071,-346.413,367.018,333.0,183,209,0.8756,7,509,425,220,220
198,2026-07-11T23:09:34.881,4558.472117,618,536,-17.509,-121.294,-346.486,367.52,334.0,154,217,0.70968,7,508,426,220,220
199,2026-07-11T23:11:07.927,4651.517745,650,484,2.671,-87.344,-348.536,359.324,333.0,190,205,0.92683,6,540,374,220,220
200,2026-07-11T23:11:18.656,4662.246326,650,484,2.678,-87.314,-348.501,359.282,327.0,192,200,0.96,5,540,374,220,220
201,2026-07-11T23:11:33.558,4677.148788,650,484,2.995,-87.338,-348.503,359.292,325.0,174,198,0.87879,7,540,374,220,220
202,2026-07-11T23:11:49.535,4693.125644,650,484,3.32,-87.429,-348.35,359.169,333.5,190,206,0.92233,7,540,374,220,220
203,2026-07-11T23:12:06.503,4710.093149,651,484,3.492,-87.376,-348.412,359.218,345.0,191,214,0.89252,6,541,374,220,220
204,2026-07-11T23:12:19.625,4723.21594,650,486,3.34,-88.305,-348.343,359.377,329.5,165,205,0.80488,7,540,376,220,220
205,2026-07-11T23:12:29.100,4732.690244,650,490,2.678,-90.912,-348.251,359.932,323.5,154,196,0.78571,7,540,380,220,220
206,2026-07-11T23:13:01.996,4765.586958,648,494,2.666,-93.896,-348.221,360.668,329.5,177,201,0.8806,4,538,384,220,220
207,2026-07-11T23:13:14.497,4778.087865,646,496,0.057,-94.916,-348.038,360.748,327.5,178,202,0.88119,6,536,386,220,220
208,2026-07-11T23:13:26.502,4790.092559,639,503,-3.866,-99.048,-347.49,361.351,326.5,169,202,0.83663,7,529,393,220,220
209,2026-07-11T23:13:37.000,4800.590414,635,507,-7.112,-102.193,-347.441,362.229,323.5,186,202,0.92079,5,525,397,220,220
210,2026-07-11T23:13:47.666,4811.256182,629,516,-11.007,-107.658,-346.955,363.441,316.5,159,193,0.82383,5,519,406,220,220
211,2026-07-11T23:14:06.838,4830.428462,623,524,-14.922,-113.082,-346.591,364.877,316.0,182,196,0.92857,7,513,414,220,220
212,2026-07-11T23:14:21.039,4844.629584,616,532,-19.436,-117.887,-346.107,366.149,338.5,183,209,0.8756,6,506,422,220,220
213,2026-07-11T23:14:33.009,4856.599731,613,535,-21.382,-119.19,-345.8,366.389,317.5,176,193,0.91192,6,503,425,220,220
214,2026-07-11T23:14:46.368,4869.958596,613,534,-21.37,-119.18,-345.784,366.37,310.5,184,188,0.97872,5,503,424,220,220
215,2026-07-11T23:14:56.842,4880.433111,613,534,-21.373,-119.227,-345.811,366.411,315.5,180,189,0.95238,7,503,424,220,220
216,2026-07-11T23:15:12.975,4896.565331,612,535,-22.005,-119.811,-345.91,366.732,318.0,158,190,0.83158,5,502,425,220,220
217,2026-07-11T23:16:33.142,4976.733099,644,486,-0.595,-88.204,-347.619,358.635,342.0,168,207,0.81159,7,534,376,220,220
218,2026-07-11T23:16:46.248,4989.838584,644,487,-0.595,-88.239,-347.62,358.645,321.5,186,200,0.93,7,534,377,220,220
219,2026-07-11T23:16:56.947,5000.537942,644,487,-0.106,-88.264,-347.674,358.703,331.5,163,204,0.79902,6,534,377,220,220
220,2026-07-11T23:17:08.048,5011.638234,645,487,0.056,-88.317,-347.506,358.553,337.0,170,203,0.83744,7,535,377,220,220
221,2026-07-11T23:17:23.245,5026.83552,646,487,0.708,-88.851,-347.587,358.764,321.0,185,199,0.92965,7,536,377,220,220
222,2026-07-11T23:17:41.578,5045.168406,648,488,1.36,-89.11,-347.667,358.907,348.5,174,214,0.81776,6,538,378,220,220
223,2026-07-11T23:18:08.885,5072.47549,648,489,2.014,-89.89,-347.928,359.358,340.5,175,210,0.83333,6,538,379,220,220
224,2026-07-11T23:18:29.281,5092.872056,648,492,1.363,-91.812,-347.677,359.598,337.5,178,207,0.8599,7,538,382,220,220
225,2026-07-11T23:18:40.649,5104.239852,644,495,0.056,-94.26,-347.478,360.036,324.0,171,196,0.87245,5,534,385,220,220
226,2026-07-11T23:18:53.659,5117.249999,639,501,-3.856,-97.829,-347.125,360.668,329.0,187,199,0.9397,7,529,391,220,220
227,2026-07-11T23:19:04.488,5128.078184,635,507,-6.463,-101.418,-346.862,361.442,320.5,181,195,0.92821,7,525,397,220,220
228,2026-07-11T23:20:26.896,5210.48682,629,515,-10.365,-106.817,-346.531,362.768,322.5,175,197,0.88832,6,519,405,220,220
229,2026-07-11T23:21:05.925,5249.515579,624,523,-14.222,-111.616,-346.154,363.982,338.0,182,204,0.89216,7,514,413,220,220
230,2026-07-11T23:21:30.499,5274.089942,619,528,-17.493,-115.364,-346.475,365.595,336.5,195,217,0.89862,7,509,418,220,220
231,2026-07-11T23:21:42.367,5285.957188,618,529,-18.111,-115.898,-346.018,365.361,343.0,192,211,0.90995,6,508,419,220,220
232,2026-07-11T23:21:54.726,5298.316885,618,529,-18.106,-115.728,-345.879,365.176,322.5,174,197,0.88325,7,508,419,220,220
233,2026-07-11T23:22:14.407,5317.997318,618,529,-18.11,-115.894,-345.899,365.247,339.0,190,207,0.91787,6,508,419,220,220
234,2026-07-11T23:22:35.130,5338.720176,614,533,-20.706,-118.382,-345.797,366.085,320.0,185,191,0.96859,6,504,423,220,220
235,2026-07-11T23:23:46.835,5410.425471,642,487,-1.25,-88.579,-348.064,359.16,325.5,154,200,0.77,7,532,377,220,220
236,2026-07-11T23:24:05.636,5429.226648,643,487,-1.249,-88.398,-347.949,359.005,323.0,160,194,0.82474,6,533,377,220,220
237,2026-07-11T23:24:21.136,5444.727089,643,487,-1.25,-88.514,-347.933,359.017,319.5,177,193,0.9171,7,533,377,220,220
238,2026-07-11T23:24:34.047,5457.637895,643,487,-1.249,-88.404,-347.982,359.038,306.5,170,187,0.90909,7,533,377,220,220
239,2026-07-11T23:25:01.347,5484.937227,643,487,-1.249,-88.444,-347.987,359.053,310.0,171,191,0.89529,7,533,377,220,220
240,2026-07-11T23:25:29.240,5512.830188,643,488,-0.596,-88.606,-347.94,359.046,345.0,165,207,0.7971,5,533,378,220,220
241,2026-07-11T23:25:41.614,5525.204365,645,490,-0.595,-90.857,-347.653,359.33,327.0,178,201,0.88557,7,535,380,220,220
242,2026-07-11T23:25:58.313,5541.90349,643,495,-1.247,-94.042,-347.705,360.2,331.5,176,202,0.87129,6,533,385,220,220
243,2026-07-11T23:26:07.751,5551.341779,642,498,-2.552,-95.923,-347.345,360.356,335.0,166,203,0.81773,6,532,388,220,220
244,2026-07-11T23:26:17.715,5561.305281,637,501,-5.157,-97.577,-347.45,360.928,314.5,146,189,0.77249,6,527,391,220,220
245,2026-07-11T23:26:27.113,5570.703438,630,506,-9.067,-101.109,-346.952,361.498,328.5,150,197,0.76142,7,520,396,220,220
246,2026-07-11T23:26:38.945,5582.535876,628,511,-10.989,-103.268,-346.619,361.842,329.0,149,194,0.76804,4,518,401,220,220
247,2026-07-11T23:26:52.787,5596.377129,625,514,-12.955,-105.881,-346.698,362.737,325.0,175,198,0.88384,6,515,404,220,220
248,2026-07-11T23:27:08.817,5612.408031,623,517,-14.25,-107.596,-346.393,362.999,326.0,156,196,0.79592,5,513,407,220,220
249,2026-07-11T23:27:20.519,5624.109973,623,517,-14.258,-107.678,-346.331,362.964,323.5,166,192,0.86458,6,513,407,220,220
250,2026-07-11T23:27:35.949,5639.540083,622,517,-14.858,-107.699,-346.369,363.031,323.0,147,197,0.74619,5,512,407,220,220
251,2026-07-11T23:27:48.590,5652.180743,616,524,-18.751,-111.943,-345.748,363.902,329.0,153,200,0.765,5,506,414,220,220
252,2026-07-11T23:28:06.491,5670.08129,609,531,-23.923,-116.968,-345.434,365.483,324.5,152,188,0.80851,7,499,421,220,220
253,2026-07-11T23:29:41.296,5764.886164,636,492,-5.83,-91.755,-347.882,359.826,329.0,180,199,0.90452,5,526,382,220,220
254,2026-07-11T23:29:56.896,5780.486444,635,492,-5.815,-91.768,-347.779,359.73,346.5,160,212,0.75472,7,525,382,220,220
255,2026-07-11T23:30:06.091,5789.681654,636,491,-5.816,-91.827,-347.78,359.746,318.5,171,196,0.87245,7,526,381,220,220
256,2026-07-11T23:30:30.136,5813.72614,636,492,-5.826,-91.863,-347.861,359.833,337.5,156,212,0.73585,7,526,382,220,220
257,2026-07-11T23:30:43.268,5826.858242,636,492,-5.816,-91.808,-347.815,359.774,331.5,166,202,0.82178,6,526,382,220,220
258,2026-07-11T23:30:59.463,5843.05343,636,492,-5.814,-91.878,-347.715,359.696,342.5,169,210,0.80476,6,526,382,220,220
259,2026-07-11T23:31:16.596,5860.186846,634,497,-6.469,-94.92,-347.215,360.014,365.0,177,220,0.80909,7,524,387,220,220
260,2026-07-11T23:31:30.728,5874.318363,634,501,-7.11,-97.898,-347.124,360.735,325.0,175,198,0.88384,7,524,391,220,220
261,2026-07-11T23:31:39.869,5883.459794,632,503,-8.403,-98.782,-346.925,360.812,326.0,145,195,0.74359,6,522,393,220,220
262,2026-07-11T23:31:51.537,5895.127666,629,505,-10.355,-100.216,-346.925,361.258,323.0,145,192,0.75521,7,519,395,220,220
263,2026-07-11T23:32:02.166,5905.756522,624,509,-13.613,-102.554,-346.713,361.818,327.0,176,196,0.89796,4,514,399,220,220
264,2026-07-11T23:32:14.572,5918.162686,619,515,-16.893,-106.46,-346.612,362.986,312.5,174,190,0.92105,7,509,405,220,220
265,2026-07-11T23:32:27.633,5931.223911,613,523,-21.34,-111.334,-345.716,363.827,337.0,145,199,0.72864,5,503,413,220,220
266,2026-07-11T23:32:41.280,5944.870391,610,526,-23.278,-113.745,-345.524,364.509,313.0,163,187,0.87166,5,500,416,220,220
267,2026-07-11T23:32:54.669,5958.259185,609,527,-23.913,-114.389,-345.509,364.737,314.0,167,186,0.89785,6,499,417,220,220
268,2026-07-11T23:33:04.603,5968.193606,609,527,-23.323,-113.957,-345.571,364.623,322.5,138,193,0.71503,7,499,417,220,220
269,2026-07-11T23:33:36.677,6000.267919,608,527,-23.929,-113.93,-345.462,364.55,305.0,152,183,0.8306,7,498,417,220,220
270,2026-07-11T23:33:57.239,6020.829884,603,531,-27.801,-117.058,-345.141,365.511,303.0,162,182,0.89011,5,493,421,220,220
271,2026-07-11T23:35:20.085,6103.675268,628,490,-10.385,-91.049,-347.774,359.644,331.0,138,197,0.70558,7,518,380,220,220
272,2026-07-11T23:35:34.846,6118.43619,628,490,-10.382,-91.137,-347.763,359.656,324.5,139,194,0.71649,7,518,380,220,220
273,2026-07-11T23:35:49.485,6133.075625,628,491,-11.017,-91.088,-347.884,359.78,330.5,157,200,0.785,7,518,381,220,220
274,2026-07-11T23:36:02.884,6146.474374,629,490,-10.384,-91.045,-347.825,359.693,334.5,162,196,0.82653,6,519,380,220,220
275,2026-07-11T23:36:22.754,6166.344151,628,491,-10.386,-91.049,-347.85,359.719,341.5,150,200,0.75,7,518,381,220,220
276,2026-07-11T23:36:53.487,6197.077591,628,491,-10.431,-91.126,-347.886,359.774,375.5,158,223,0.71749,7,518,381,220,220
277,2026-07-11T23:37:03.652,6207.243119,627,495,-11.031,-93.712,-347.513,360.096,327.5,149,195,0.7641,4,517,385,220,220
278,2026-07-11T23:37:12.192,6215.782644,626,500,-12.352,-96.883,-347.36,360.829,328.5,165,195,0.84615,7,516,390,220,220
279,2026-07-11T23:37:21.421,6225.011578,624,503,-13.618,-98.704,-347.137,361.153,323.5,152,195,0.77949,6,514,393,220,220
280,2026-07-11T23:37:32.994,6236.584664,621,506,-14.934,-100.3,-346.987,361.501,330.5,150,199,0.75377,6,511,396,220,220
281,2026-07-11T23:37:43.751,6247.341934,620,508,-16.842,-102.252,-346.666,361.824,324.0,149,194,0.76804,7,510,398,220,220
282,2026-07-11T23:37:55.494,6259.084971,615,513,-19.78,-105.499,-346.456,362.702,304.5,163,185,0.88108,7,505,403,220,220
283,2026-07-11T23:38:06.924,6270.514758,609,520,-23.97,-109.778,-346.135,363.917,310.0,145,184,0.78804,7,499,410,220,220
284,2026-07-11T23:38:20.628,6284.218932,606,522,-25.867,-111.335,-345.895,364.291,322.0,177,191,0.9267,4,496,412,220,220
285,2026-07-11T23:38:30.755,6294.345989,605,523,-25.893,-111.337,-345.858,364.258,316.5,141,189,0.74603,5,495,413,220,220
286,2026-07-11T23:38:39.259,6302.849888,605,523,-25.845,-111.339,-345.854,364.251,314.5,144,187,0.77005,6,495,413,220,220
287,2026-07-11T23:38:58.391,6321.9814,604,523,-25.946,-111.379,-345.893,364.309,312.0,139,193,0.72021,7,494,413,220,220
288,2026-07-11T23:39:07.938,6331.528293,597,529,-31.061,-115.519,-345.149,365.291,300.5,175,176,0.99432,7,487,419,220,220
289,2026-07-11T23:40:18.536,6402.126884,617,498,-18.213,-95.707,-347.774,361.162,323.5,152,194,0.78351,5,507,388,220,220
290,2026-07-11T23:40:30.838,6414.428922,616,498,-18.17,-95.67,-347.685,361.065,347.5,173,194,0.89175,4,506,388,220,220
291,2026-07-11T23:40:43.730,6427.320347,617,498,-18.217,-95.726,-347.853,361.244,319.0,167,187,0.89305,5,507,388,220,220
292,2026-07-11T23:41:05.499,6449.089802,617,498,-18.214,-95.685,-347.843,361.223,330.5,145,196,0.7398,7,507,388,220,220
293,2026-07-11T23:41:16.900,6460.490388,617,498,-18.221,-95.729,-347.915,361.305,331.5,158,197,0.80203,5,507,388,220,220
294,2026-07-11T23:41:27.637,6471.227235,617,498,-18.188,-95.694,-347.894,361.273,354.5,131,214,0.61215,4,507,388,220,220
295,2026-07-11T23:41:39.538,6483.128238,617,499,-18.229,-96.772,-347.943,361.609,314.5,161,187,0.86096,7,507,389,220,220
296,2026-07-11T23:41:50.568,6494.159101,615,503,-20.127,-99.501,-347.316,361.848,323.5,153,192,0.79688,7,505,393,220,220
297,2026-07-11T23:42:06.235,6509.825931,613,505,-21.429,-100.811,-347.368,362.335,312.5,156,190,0.82105,4,503,395,220,220
298,2026-07-11T23:42:18.308,6521.899034,610,508,-23.373,-102.625,-346.952,362.566,305.5,167,177,0.9435,7,500,398,220,220
299,2026-07-11T23:42:29.706,6533.29677,608,511,-24.698,-104.598,-347.22,363.473,303.0,134,180,0.74444,5,498,401,220,220
300,2026-07-11T23:42:42.019,6545.609775,607,515,-25.306,-107.161,-346.749,363.811,308.0,163,185,0.88108,6,497,405,220,220
301,2026-07-11T23:42:52.671,6556.261479,603,520,-27.824,-110.181,-346.185,364.36,314.0,123,188,0.65426,7,493,410,220,220
302,2026-07-11T23:43:02.578,6566.1687,597,524,-31.719,-112.714,-345.906,365.187,306.0,176,184,0.95652,6,487,414,220,220
303,2026-07-11T23:43:19.474,6583.064148,595,526,-32.984,-113.874,-345.983,365.732,292.0,107,173,0.6185,7,485,416,220,220
304,2026-07-11T23:43:32.616,6596.206596,594,526,-33.053,-113.43,-346.039,365.652,299.5,141,174,0.81034,7,484,416,220,220
305,2026-07-11T23:43:44.574,6608.164592,594,526,-33.057,-113.991,-345.995,365.785,303.0,154,178,0.86517,7,484,416,220,220
306,2026-07-11T23:44:00.518,6624.108548,589,528,-36.31,-115.215,-345.656,366.157,311.0,181,190,0.95263,7,479,418,220,220
307,2026-07-11T23:45:37.016,6720.606204,607,494,-24.785,-93.714,-348.161,361.403,305.0,165,185,0.89189,7,497,384,220,220
308,2026-07-11T23:45:51.386,6734.976208,608,493,-24.785,-93.365,-348.194,361.345,310.5,176,187,0.94118,6,498,383,220,220
309,2026-07-11T23:46:04.984,6748.574137,608,494,-24.786,-93.696,-348.247,361.482,312.5,174,185,0.94054,5,498,384,220,220
310,2026-07-11T23:46:17.361,6760.951942,608,494,-24.789,-93.723,-348.237,361.48,302.5,179,182,0.98352,7,498,384,220,220
311,2026-07-11T23:46:29.833,6773.423421,607,494,-24.785,-93.541,-348.191,361.388,312.5,174,189,0.92063,7,497,384,220,220
312,2026-07-11T23:46:41.796,6785.386406,608,494,-24.777,-93.25,-348.266,361.384,307.0,157,179,0.87709,7,498,384,220,220
313,2026-07-11T23:46:57.957,6801.547646,608,494,-24.77,-93.831,-348.179,361.451,302.0,149,181,0.8232,5,498,384,220,220
314,2026-07-11T23:47:10.664,6814.254195,606,496,-25.409,-95.084,-347.947,361.599,322.5,176,189,0.93122,4,496,386,220,220
315,2026-07-11T23:47:23.456,6827.046216,605,497,-26.702,-95.792,-348.07,361.997,308.5,177,185,0.95676,6,495,387,220,220
316,2026-07-11T23:47:37.768,6841.35888,602,500,-28.65,-97.629,-347.783,362.361,307.0,174,184,0.94565,5,492,390,220,220
317,2026-07-11T23:47:47.667,6851.257732,600,503,-29.94,-99.5,-347.489,362.692,307.0,135,184,0.7337,5,490,393,220,220
318,2026-07-11T23:48:00.797,6864.387204,598,509,-30.507,-103.125,-346.598,362.899,304.0,159,185,0.85946,6,488,399,220,220
319,2026-07-11T23:48:09.127,6872.717194,597,515,-32.345,-106.88,-346.006,363.579,297.5,168,175,0.96,4,487,405,220,220
320,2026-07-11T23:48:17.594,6881.184854,594,519,-33.6,-109.334,-345.559,363.997,301.5,169,180,0.93889,5,484,409,220,220
321,2026-07-11T23:48:32.229,6895.819752,592,521,-34.953,-110.67,-345.615,364.581,287.5,157,176,0.89205,7,482,411,220,220
322,2026-07-11T23:48:42.093,6905.683848,592,521,-34.966,-110.729,-345.744,364.722,281.5,169,170,0.99412,6,482,411,220,220
323,2026-07-11T23:48:51.199,6914.789617,590,522,-34.983,-110.726,-345.842,364.816,330.0,169,200,0.845,4,480,412,220,220
324,2026-07-11T23:49:08.631,6932.221355,585,525,-38.207,-112.506,-345.434,365.297,358.0,172,217,0.79263,7,475,415,220,220
